-------------------------------------------------------------------------------
      name:  <unnamed>
       log:  /home/research/ca_ed_lab/projects/csac_survey2023/log/learn/sogi_l
> earn_cs.smcl
  log type:  smcl
 opened on:  27 Sep 2023, 16:23:08

. 
. graph drop _all

. set more off

. set varabbrev off

. set graphics off

. set scheme s1color

. set seed 1984

. 
. local date1 = c(current_date)

. local time1 = c(current_time)

. 
. /* ssc install ngram, replace 
> ssc install txttool, replace  */
. 
. /* net install "http://researchbtn.com/stata/110/wordfreq.pkg"
> net install "http://researchbtn.com/stata/110/wordcloud.pkg" */
. 
. * Load fully cleaned data
. use $csacclndatadir/csac_hs_senior_2023_clean, clear 
(Fully cleaned CSAC 2023 HS senior survey data)

. 
. 
. 
. // create a var that generates clean tags for the free text response for gend
> er
. gen gender_other_tag = gender_other_raw
(11,351 missing values generated)

. replace gender_other_tag = "NONSERIOUS" if gender_other_clean=="CISGENDER/OTH
> ER"
(16 real changes made)

. // clean the leftover nonserious responses 
. 
. #delimit ;
delimiter now ;
. replace gender_other_tag = "NONSERIOUS" if strpos(gender_other_raw, "DON'T BE
> LIEVE IN THIS")!=0 
>     | strpos(gender_other_raw, "NO ONE CAN CHANGE") !=0 
>     | strpos(gender_other_raw, "STRAIGHT WOMAN")!=0
>     | strpos(gender_other_raw, "MENTALLY ILL")!=0
>     ;
(3 real changes made)

. // consolidate gender fluid ;
> replace gender_other_tag = "GENDERFLUID"
>     if strpos(gender_other_raw, "GENDERFLUID")!=0
>     | strpos(gender_other_raw, "GENDER FLUID")!=0
>     ;
(7 real changes made)

. // consolidate unsure ;
> /* replace gender_other_tag = "UNSURE/QUESTIONING"
>     if strpos(gender_other_raw, "UNSURE")!=0
>     | strpos(gender_other_raw, "UNKNOWN")!=0
>     | strpos(gender_other_raw, "UNCERTAIN")!=0
>     | strpos(gender_other_raw, "QUESTIONING")!=0
>     | strpos(gender_other_raw, "NOT SURE")!=0
>     | strpos(gender_other_raw, "CONFUSED")!=0
>     ; */
> 
> #delimit cr
delimiter now cr
. 
. 
. gen gender_tag = gender_raw 
(3,478 missing values generated)

. replace gender_tag = gender_other_tag if gender_raw=="OTHER"
variable gender_tag was str17 now str183
(95 real changes made)

. // replace nonserious responses with assigned gender at birth
. replace gender_tag = agab if gender_other_tag=="NONSERIOUS"
(19 real changes made)

. replace gender_tag = "TRANS WOMAN" if gender_trans_binary==1 & gender_woman==
> 1
(22 real changes made)

. replace gender_tag = "TRANS MAN" if gender_trans_binary==1 & gender_man==1
(65 real changes made)

. 
. tab gender_tag

                             gender_tag |      Freq.     Percent        Cum.
----------------------------------------+-----------------------------------
                                AGENDER |          5        0.06        0.06
                              ANDROGYNE |          1        0.01        0.08
             BIGENDER (MALE AND FEMALE) |          1        0.01        0.09
                                DEMIBOY |          1        0.01        0.10
                               DEMIGIRL |          4        0.05        0.15
                       FEMALE/NONBINARY |          1        0.01        0.16
             GENDER NON CONFORMING MALE |          1        0.01        0.18
                            GENDERFLUID |         36        0.45        0.63
                            GENDERQUEER |          2        0.03        0.65
                                   GIRL |          1        0.01        0.67
I DON'T KNOW, IM PRETTY CONFUSED MOST.. |          1        0.01        0.68
IDK WHAT IT’S CALLED, BUT I WAS BORN .. |          1        0.01        0.69
                                    MAN |      2,869       36.06       36.75
       MAN WHO AT TIMES ACTS AS A WOMAN |          1        0.01       36.76
                         MASC NONBINARY |          1        0.01       36.77
                              NONBINARY |        281        3.53       40.30
                         NONBINARY MALE |          1        0.01       40.32
                               NOT SURE |          1        0.01       40.33
                      PREFER NOT TO SAY |        153        1.92       42.25
                            QUESTIONING |          1        0.01       42.26
                    SHE/HER ; THEY/THEM |          1        0.01       42.28
                              TRANS MAN |         65        0.82       43.09
                            TRANS WOMAN |         22        0.28       43.37
                             TWO SPIRIT |          1        0.01       43.38
                              UNCERTAIN |          1        0.01       43.40
                                UNKNOWN |          1        0.01       43.41
                                 UNSURE |          2        0.03       43.43
                                  WOMAN |      4,501       56.57      100.00
----------------------------------------+-----------------------------------
                                  Total |      7,957      100.00

. 
. // combined gender var 
. gen gender_raw_combined = gender_raw
(3,478 missing values generated)

. replace gender_raw_combined = gender_other_raw if gender_raw=="OTHER"
variable gender_raw_combined was str17 now str183
(95 real changes made)

. replace gender_raw_combined = "TRANS WOMAN" if gender_trans_binary==1 & gende
> r_woman==1
(22 real changes made)

. replace gender_raw_combined = "TRANS MAN" if gender_trans_binary==1 & gender_
> man==1
(65 real changes made)

. tab gender_raw_combined 

                    gender_raw_combined |      Freq.     Percent        Cum.
----------------------------------------+-----------------------------------
                                AGENDER |          5        0.06        0.06
                              ANDROGYNE |          1        0.01        0.08
                      ATTACK HELICOPTER |          1        0.01        0.09
             BIGENDER (MALE AND FEMALE) |          1        0.01        0.10
                               BISEXUAL |          1        0.01        0.11
                                DEMIBOY |          1        0.01        0.13
                               DEMIGIRL |          4        0.05        0.18
                       FEMALE/NONBINARY |          1        0.01        0.19
                           GENDER FLUID |          6        0.08        0.26
             GENDER NON CONFORMING MALE |          1        0.01        0.28
                            GENDERFLUID |         29        0.36        0.64
GENDERFLUID: FOR ONES GENDER TO BE FL.. |          1        0.01        0.65
                            GENDERQUEER |          2        0.03        0.68
                                   GIRL |          1        0.01        0.69
                              HIM/ALPHA |          1        0.01        0.70
                                 HOMBRE |          1        0.01        0.72
I DON'T KNOW, IM PRETTY CONFUSED MOST.. |          1        0.01        0.73
        I DON'T PLAY THAT STUPID STUFF. |          1        0.01        0.74
I WAS BORN A GIRL AND NO ONE CAN CHAN.. |          1        0.01        0.75
I'M A MAN MALE I DON'T BELIVE IN THIS.. |          1        0.01        0.77
IDK WHAT IT’S CALLED, BUT I WAS BORN .. |          1        0.01        0.78
I’M A DUDE THIS IS A BULLSHIT ASS QUE.. |          1        0.01        0.79
                                 JEWISH |          1        0.01        0.80
                                   MALE |          1        0.01        0.82
                                  MALE. |          1        0.01        0.83
                                    MAN |      2,858       35.91       36.74
       MAN WHO AT TIMES ACTS AS A WOMAN |          1        0.01       36.76
                         MASC NONBINARY |          1        0.01       36.77
     MEANT TO PUT MALE ON LAST QUESTION |          1        0.01       36.78
                     NIGGER KILLER 5000 |          1        0.01       36.79
            NO'); DROP TABLE RESPONSES; |          1        0.01       36.81
                              NONBINARY |        281        3.53       40.34
                         NONBINARY MALE |          1        0.01       40.35
                           NOT RELEVANT |          1        0.01       40.36
                               NOT SURE |          1        0.01       40.37
                      PREFER NOT TO SAY |        153        1.92       42.30
                            QUESTIONING |          1        0.01       42.31
                            ROCKET SHIP |          1        0.01       42.32
                    SHE/HER ; THEY/THEM |          1        0.01       42.33
THERE IS NO SUCH THING AS A “GENDER I.. |          1        0.01       42.35
          THIS SHOULD NOT BE A QUESTION |          1        0.01       42.36
                              TRANS MAN |         65        0.82       43.18
                            TRANS WOMAN |         22        0.28       43.45
                             TWO SPIRIT |          1        0.01       43.47
                              UNCERTAIN |          1        0.01       43.48
                                UNKNOWN |          1        0.01       43.49
                                 UNSURE |          2        0.03       43.52
                                  WOMAN |      4,495       56.48      100.00
----------------------------------------+-----------------------------------
                                  Total |      7,958      100.00

. 
. 
. // combined sexuality var 
. gen so_raw_combined = so_raw
(3,528 missing values generated)

. replace so_raw_combined = so_other_raw if so_raw =="OTHER (FEEL FREE TO SPECI
> FY)"
variable so_raw_combined was str29 now str82
(284 real changes made)

. replace so_raw_combined = "QUEER" if so_raw_combined=="QUEE5"
(1 real change made)

. 
. txttool gender_raw_combined, replace subwords("$csacprojdir/do/learn/subwords
> .txt")
Input:   129 unique words, 8652 total words
Output:  119 unique words, 8651 total words
Total time: 4.702 seconds

. txttool so_raw_combined, replace 
Input:   157 unique words, 32274 total words
Output:  143 unique words, 32273 total words
Total time: 15.429 seconds

. 
. /* cd $csacprojdir/do/learn  */
. 
. /* do $csacprojdir/do/learn/wordcloud.ado  */
. local wordvar1 "gender_raw_combined" 

. local pathvar1 "$csacprojdir/fig/learn/genderwordcloud.png"

. 
. local wordvar2 "so_raw_combined"

. local pathvar2 "$csacprojdir/fig/learn/sowordcloud.png"

. 
. 
. /* python script $csacprojdir/do/learn/test.py, args(`wordvar1' `pathvar1') *
> /
. 
. preserve 

. 
. drop if gender_raw_combined=="MAN" | gender_raw_combined=="WOMAN"
(0 observations deleted)

. tab gender_raw_combined

                    gender_raw_combined |      Freq.     Percent        Cum.
----------------------------------------+-----------------------------------
                                agender |          5        0.06        0.06
                              androgyne |          1        0.01        0.08
                      attack helicopter |          1        0.01        0.09
               bigender male and female |          1        0.01        0.10
                               bisexual |          1        0.01        0.11
                                demiboy |          1        0.01        0.13
                               demigirl |          4        0.05        0.18
                        femalenonbinary |          1        0.01        0.19
                           gender fluid |          6        0.08        0.26
             gender non conforming male |          1        0.01        0.28
                            genderfluid |         29        0.36        0.64
genderfluid for ones gender to be flu.. |          1        0.01        0.65
                            genderqueer |          2        0.03        0.68
                                   girl |          1        0.01        0.69
                               himalpha |          1        0.01        0.70
                                 hombre |          1        0.01        0.72
i dont know im pretty confused most o.. |          1        0.01        0.73
          i dont play that stupid stuff |          1        0.01        0.74
i was born a girl and no one can chan.. |          1        0.01        0.75
idk what its called but i was born a .. |          1        0.01        0.77
im a dude this is a bullshit ass ques.. |          1        0.01        0.78
im a man male i dont belive in this m.. |          1        0.01        0.79
                                 jewish |          1        0.01        0.80
                                   male |          2        0.03        0.83
                                    man |      2,858       35.91       36.74
       man who at times acts as a woman |          1        0.01       36.76
                         masc nonbinary |          1        0.01       36.77
     meant to put male on last question |          1        0.01       36.78
                     nigger killer 5000 |          1        0.01       36.79
                no drop table responses |          1        0.01       36.81
                              nonbinary |        281        3.53       40.34
                         nonbinary male |          1        0.01       40.35
                           not relevant |          1        0.01       40.36
                               not sure |          1        0.01       40.37
                      prefer not to say |        153        1.92       42.30
                            questioning |          1        0.01       42.31
                            rocket ship |          1        0.01       42.32
                        sheher theythem |          1        0.01       42.33
there is no such thing as a gender id.. |          1        0.01       42.35
          this should not be a question |          1        0.01       42.36
                              trans man |         65        0.82       43.18
                            trans woman |         22        0.28       43.45
                             two spirit |          1        0.01       43.47
                              uncertain |          1        0.01       43.48
                                unknown |          1        0.01       43.49
                                 unsure |          2        0.03       43.52
                                  woman |      4,495       56.48      100.00
----------------------------------------+-----------------------------------
                                  Total |      7,958      100.00

. python script $csacprojdir/do/learn/wordcloud.py, args(`wordvar1' `pathvar1')
 man woman nonbinary  nonbinary woman woman man  man nonbinary woman man woman 
> man nonbinary woman woman man woman woman woman woman woman woman woman man w
> oman woman woman woman prefer not to say woman woman woman man woman man woma
> n man man man trans man woman man prefer not to say woman woman man woman wom
> an woman man woman man woman man woman man man woman woman woman woman  woman
>  woman woman woman woman woman woman woman woman man woman man woman man woma
> n woman woman woman woman genderfluid woman man man woman woman woman man man
>  woman woman man woman man man woman woman  woman woman woman man woman woman
>  woman woman woman woman woman woman woman man man woman man man woman woman 
> woman woman woman man woman woman man man man woman woman woman woman woman w
> oman man woman man man woman woman woman man woman woman woman man woman woma
> n man woman woman woman man woman woman man woman woman woman woman woman wom
> an man woman nonbinary woman man man woman woman woman nonbinary man woman pr
> efer not to say woman man woman woman woman woman woman man woman woman prefe
> r not to say nonbinary nonbinary man woman man man woman man woman man man wo
> man woman agender trans woman man man woman woman woman woman man woman woman
>  woman woman woman woman woman man  woman man woman woman man nonbinary woman
>  woman man woman woman woman woman woman  man woman man woman woman woman wom
> an man woman woman woman man  man man man woman woman man woman woman woman w
> oman woman woman man woman woman woman woman woman man man man woman woman wo
> man nonbinary man woman woman woman woman woman woman woman man man man man m
> an woman woman woman woman man man woman woman woman nonbinary woman woman wo
> man man prefer not to say woman man woman man man woman woman man man woman w
> oman woman man woman woman woman woman attack helicopter woman woman man woma
> n woman woman woman man woman trans woman woman woman man woman man nonbinary
>   genderfluid woman woman man woman woman man man woman man woman woman woman
>  man woman man man woman man man woman woman woman woman woman woman woman ma
> n man woman woman woman nonbinary woman woman man man prefer not to say woman
>  woman nonbinary man woman man man woman woman man man man man man man woman 
> man woman woman trans man woman woman man woman man man man trans man woman n
> onbinary woman man unknown woman woman woman woman woman woman man trans man 
> woman trans man woman man woman woman woman woman man woman man woman trans w
> oman man man nonbinary woman man woman woman agender woman man man woman man 
> woman man woman woman man  woman genderfluid woman woman man man man woman ma
> n woman woman man woman woman woman man woman woman man prefer not to say wom
> an man woman nonbinary woman woman woman woman woman man woman woman woman wo
> man woman man man woman woman woman man woman woman man woman prefer not to s
> ay woman woman woman man man trans man genderfluid unsure nonbinary woman wom
> an woman woman man woman woman man woman woman man man man man woman woman wo
> man man man prefer not to say woman woman woman woman prefer not to say nonbi
> nary man woman woman woman woman woman woman man man man man woman woman nonb
> inary man woman woman man woman prefer not to say woman trans man woman man w
> oman man man man man man man woman man woman woman man woman man woman woman 
> woman man woman man woman woman woman man woman woman man woman woman man wom
> an woman man man woman woman woman nonbinary prefer not to say man nonbinary 
> man man man man woman man woman man  man man man woman woman man trans man wo
> man man woman woman woman man woman man woman woman woman prefer not to say w
> oman woman man woman woman man woman man woman nonbinary woman man woman woma
> n man man woman woman man woman woman woman woman man man man woman man nonbi
> nary woman man  woman prefer not to say woman woman male woman woman woman ma
> n woman man nonbinary woman woman man woman nonbinary prefer not to say woman
>  man woman man man woman woman woman man woman man man woman man woman nonbin
> ary man woman woman man man man man woman man man woman woman man woman nonbi
> nary  man woman woman man woman man woman woman woman woman woman woman woman
>  woman woman man woman woman man man woman man woman woman woman woman woman 
> woman man rocket ship woman woman man nonbinary woman woman  woman woman pref
> er not to say woman man man woman nonbinary woman nonbinary woman man man non
> binary woman man  woman woman woman woman man woman man woman woman man man m
> an man woman woman woman man woman woman woman woman woman woman woman woman 
> man  trans man man prefer not to say woman woman woman woman woman woman woma
> n woman woman man woman woman woman  woman woman woman man nonbinary woman wo
> man woman woman woman woman woman woman man woman woman woman woman woman man
>   woman woman woman woman woman woman woman woman man woman demiboy prefer no
> t to say man woman man woman woman woman woman woman man man man woman woman 
> nonbinary woman woman woman woman woman woman woman man woman prefer not to s
> ay woman man prefer not to say woman man woman woman woman trans man woman no
> nbinary woman man man man woman woman genderfluid woman woman  man man man wo
> man man  woman woman woman man nonbinary woman nonbinary woman prefer not to 
> say trans man woman woman man man woman man woman woman prefer not to say wom
> an nonbinary woman man man woman woman woman man woman man woman man man woma
> n man man nonbinary man woman woman man nonbinary man man nonbinary man woman
>  man woman woman woman woman woman woman woman man woman man woman woman woma
> n woman  woman woman woman woman woman woman man woman man woman woman man wo
> man nonbinary woman woman man man woman man woman woman woman man woman woman
>   prefer not to say woman woman woman woman woman woman woman man woman woman
>  man woman woman trans man woman woman woman woman woman man man man woman wo
> man woman woman woman woman woman man man man man woman woman woman woman wom
> an woman trans man woman man woman woman woman man man woman woman prefer not
>  to say man woman woman woman woman woman woman no drop table responses man w
> oman woman woman man woman  woman man woman woman man woman woman   woman wom
> an woman man woman woman woman woman woman  woman woman woman man man man wom
> an woman woman woman woman woman man nonbinary man woman woman man woman man 
> man man woman man woman woman man woman man woman man woman woman woman woman
>  woman woman  woman nonbinary man nonbinary man man man woman nonbinary unsur
> e woman woman woman woman woman woman man man  man man man man woman woman wo
> man woman man nonbinary man woman woman man  woman woman man nonbinary woman 
> woman man nonbinary woman woman  man woman man woman woman woman woman woman 
> man man  woman man woman man man woman woman woman woman man woman woman man 
> woman man man man woman prefer not to say woman woman woman woman woman woman
>  woman nonbinary nonbinary man man woman woman man woman man woman woman woma
> n man man woman woman woman woman woman  woman woman woman woman woman  nonbi
> nary man woman woman woman woman woman woman woman woman trans man  woman wom
> an man man prefer not to say man man woman man prefer not to say man woman ma
> n woman man man woman man woman man woman man woman  woman woman woman man ma
> n man woman woman man woman man woman woman man woman man woman man man woman
>  woman genderfluid woman man woman woman woman man woman woman woman prefer n
> ot to say man woman man woman man man nonbinary  man man woman man woman woma
> n man man man nonbinary woman  woman woman man woman man woman man woman woma
> n nonbinary man woman woman woman man woman woman genderfluid woman man woman
>   woman woman woman man  woman woman woman man woman woman woman man woman ma
> n man  man woman woman man  woman woman nonbinary woman woman woman man woman
>  man man man nonbinary man woman trans man man trans man woman woman woman wo
> man woman woman woman nonbinary woman woman woman woman woman man man man man
>  woman woman man man man woman trans man woman man man man woman man woman ma
> n man woman man woman woman man woman woman woman man nonbinary woman woman m
> an woman man man man man woman man man woman man man woman woman nonbinary wo
> man woman man agender woman woman woman woman man woman woman woman man man m
> an woman woman woman nonbinary prefer not to say woman woman man nonbinary pr
> efer not to say man man woman man man woman man woman man woman man man woman
>  woman nonbinary woman man woman man nonbinary woman woman man trans woman wo
> man  man woman man man woman man man woman man man woman woman man man woman 
> man woman man woman man woman woman woman prefer not to say woman man prefer 
> not to say man woman woman man trans man man woman man woman woman woman woma
> n man woman man woman woman woman woman man man woman woman woman man nonbina
> ry prefer not to say woman man woman man man woman man trans man man woman wo
> man man woman woman woman man man woman prefer not to say woman woman woman w
> oman woman man man woman man man woman man woman man woman woman man woman wo
> man man woman man prefer not to say man woman man woman woman woman man woman
>  woman woman woman prefer not to say woman man woman woman genderfluid woman 
> woman woman man man woman woman prefer not to say  nonbinary woman woman woma
> n man man woman man man woman woman woman man woman prefer not to say man  ma
> n woman woman woman woman man man woman woman man woman woman woman woman man
>  woman woman woman man trans man man  nonbinary nonbinary nonbinary woman wom
> an woman woman woman woman woman woman man man woman woman genderfluid woman 
> man man woman man woman man woman woman man woman man woman nonbinary  man wo
> man man woman man man man woman woman woman woman woman woman man woman woman
>  man woman man prefer not to say woman genderfluid man woman woman woman man 
> man woman prefer not to say nonbinary nonbinary woman  man woman nonbinary wo
> man woman  woman woman man woman woman woman man hombre man woman nonbinary m
> an woman man nonbinary man woman woman woman  man man woman trans man man wom
> an man  trans woman man prefer not to say woman woman man woman woman man man
>  woman woman man man man woman woman woman woman woman man woman woman woman 
> woman woman woman man woman woman woman  woman woman woman woman woman woman 
> woman man man nonbinary man man  woman man man man  woman woman man prefer no
> t to say man prefer not to say woman man man man woman man woman woman woman 
> woman woman man man woman  man man woman man man woman woman man woman woman 
> prefer not to say woman woman woman woman man nonbinary prefer not to say wom
> an woman  nonbinary male woman woman man woman woman man man genderfluid woma
> n woman woman woman woman woman woman woman woman woman woman woman woman wom
> an  man man man woman man man woman man woman man man jewish woman man woman 
> man  woman trans man man man woman woman woman woman nonbinary woman woman ma
> n woman woman man man man woman man woman man woman woman woman woman  woman 
> woman nonbinary man woman man woman woman woman woman woman man man man woman
>  man woman woman woman man man woman  woman man man woman man woman woman wom
> an woman woman prefer not to say woman man man woman woman woman woman woman 
> man woman woman woman nonbinary woman woman woman woman woman woman woman man
>  woman woman man man nonbinary woman woman woman man woman nonbinary woman wo
> man woman woman woman man woman woman woman man woman woman woman man nonbina
> ry woman man man woman man man woman woman nonbinary woman woman genderfluid 
> man woman woman man woman woman woman man woman woman woman woman man woman w
> oman woman woman woman man woman trans woman woman woman woman woman man nonb
> inary  man woman woman man woman man woman man man nonbinary man  woman woman
>  woman woman man woman woman man woman nonbinary woman woman man woman woman 
> man woman man woman woman woman nonbinary man  man man woman woman woman woma
> n nonbinary woman  woman woman nonbinary woman woman woman woman woman woman 
>  woman woman woman woman woman man man woman woman woman man woman woman man 
> man woman man man man woman man woman woman woman woman woman man woman woman
>  woman man woman woman  woman woman woman man man man woman man man woman wom
> an woman nonbinary woman woman woman woman woman trans man woman man woman wo
> man woman woman woman man man woman man woman man man man woman nonbinary wom
> an woman  woman man  woman woman woman man woman man woman woman woman woman 
> man man woman man woman woman woman prefer not to say woman woman man woman m
> an woman man woman woman woman woman nonbinary man man woman nonbinary woman 
> man androgyne man man woman trans man woman woman woman man nonbinary woman m
> an woman man man woman woman man man woman man woman man woman woman man nonb
> inary woman woman woman trans woman woman woman woman woman man woman man man
>  woman woman man woman woman man man woman woman man man woman woman man woma
> n man nonbinary  prefer not to say woman man man woman woman genderfluid woma
> n woman woman man man man woman man woman woman woman man man woman woman wom
> an man man man woman woman man woman woman woman man trans man man man man wo
> man woman man woman woman prefer not to say man woman woman woman woman woman
>  prefer not to say man man woman  nonbinary nonbinary man man woman woman tra
> ns man man woman woman woman woman woman man man man woman woman woman woman 
> man man man man woman woman i dont know im pretty confused most of the time m
> an man man woman man man woman woman woman man man woman trans woman woman wo
> man woman nonbinary woman woman woman woman woman nonbinary      woman     wo
> man woman   woman          man            woman    woman      woman          
>         man woman          woman   woman woman      woman      woman     nonb
> inary      man   woman man      woman          man  nonbinary         man    
>     woman nonbinary          woman   woman                                   
>            man    woman     woman            woman        woman  man   woman 
> man    nonbinary woman    woman           man    woman   woman         woman 
>     man    woman        woman                     man              nonbinary 
>    man woman  man man  woman woman woman prefer not to say woman woman  man w
> oman woman trans woman man man man man woman woman man nonbinary man  man wom
> an  man woman  woman woman man woman woman woman woman man   woman woman man 
> woman woman woman  nonbinary nonbinary man woman woman woman  woman man woman
>  woman man woman man woman woman man man man woman woman woman woman woman ma
> n woman  man woman woman man woman man woman man  nonbinary  woman woman man 
> woman nonbinary woman man man man woman woman  woman man woman man woman man 
> woman  man man woman man woman prefer not to say woman woman woman woman woma
> n  man woman nonbinary woman  prefer not to say woman  woman  man woman woman
>  genderfluid man man  woman man woman man  nonbinary woman  woman man man wom
> an  man woman trans man woman man woman woman woman woman man man woman man  
> prefer not to say woman  woman man man woman woman woman man woman woman woma
> n prefer not to say woman woman man woman woman   woman   woman woman woman w
> oman woman woman woman woman  woman woman  man woman man woman woman nonbinar
> y man woman man nonbinary woman woman woman nonbinary woman  woman man man ma
> n  man woman woman man  woman woman woman woman  woman woman woman woman  wom
> an woman woman   man man man woman man man woman woman man woman woman  man w
> oman woman   woman man woman woman woman woman woman man man  woman woman wom
> an  woman woman woman man woman man woman woman man woman  woman woman woman 
> man man woman  man woman woman woman man man woman woman woman woman woman   
>    man  man woman man woman   man woman man woman woman man man man woman man
>  woman man gender non conforming male prefer not to say woman  woman man  man
>  woman man man man woman woman nonbinary woman man woman man woman  woman man
>    woman  woman man nonbinary man prefer not to say woman man  man woman woma
> n man woman man man woman woman prefer not to say   woman woman man woman wom
> an man woman man man  man woman woman woman  nonbinary man man woman  man wom
> an man woman woman woman woman man  man there is no such thing as a gender id
> entity the very idea is misogynistic and homophobic man woman  woman woman ma
> n  man woman  woman trans man man  woman man man woman  woman woman man woman
>  woman  woman woman man woman woman woman woman man man woman man  man man  n
> onbinary woman   man woman woman man woman man trans man woman  man woman wom
> an woman woman woman woman woman woman woman  man woman woman man woman woman
>  woman woman     woman woman nonbinary woman man woman man woman woman prefer
>  not to say  woman woman  woman man  woman man woman woman woman woman woman 
> woman nonbinary woman man  woman man  woman woman man woman woman woman man w
> oman woman man woman woman woman   woman woman  woman woman woman  woman man 
> woman man woman  woman woman man woman  woman woman  woman woman  man woman  
> woman woman woman man man woman woman man woman man woman man man man woman  
> man  woman man  man   woman woman prefer not to say woman woman   prefer not 
> to say woman woman woman man  woman  man woman woman man   man man man  woman
>  woman woman woman    nonbinary woman woman woman woman man  man nonbinary ma
> n man woman woman sheher theythem man  man woman woman man man woman woman pr
> efer not to say woman man nonbinary woman woman man woman man  woman woman  w
> oman woman man man woman woman  woman woman   woman woman agender   woman man
>  woman woman nonbinary man man woman woman  man woman man woman man woman wom
> an  woman prefer not to say woman trans man man man nonbinary woman man woman
>  woman man woman man woman  woman woman woman  woman man woman  woman man man
>  woman man man  woman nonbinary  prefer not to say woman  woman woman  man wo
> man man man man woman  woman woman woman nonbinary nonbinary woman woman woma
> n man man woman man    woman  woman man  woman woman woman nonbinary woman ma
> n man woman woman man woman man man man man woman man  man woman woman man wo
> man woman woman woman woman woman man woman woman woman woman woman woman man
>  woman woman woman woman woman prefer not to say woman woman  man woman woman
>  nonbinary woman   woman woman   man  woman woman woman woman man woman man  
>  man woman  woman man man man  woman trans woman man woman genderfluid man wo
> man woman man man  genderfluid    man woman woman  woman   genderfluid woman 
>  man  woman man nonbinary man woman man man woman man gender fluid  woman wom
> an  man woman woman woman man woman woman   woman  woman woman  woman  man wo
> man prefer not to say  man woman man man woman woman nonbinary woman woman ma
> n  man woman man woman woman woman trans man woman man   woman man  woman man
>   woman man woman  woman woman woman woman man man woman man woman woman  wom
> an woman woman nonbinary woman woman  man man nonbinary man   nonbinary nonbi
> nary woman man woman man woman nonbinary woman woman  genderfluid  woman  wom
> an woman man nonbinary woman trans man woman  man woman woman woman woman    
> woman  woman man woman woman man woman woman woman woman woman nonbinary man 
> woman man  trans man woman woman  woman man man woman prefer not to say  man 
> man woman   woman woman man man man   woman  woman woman   man man man woman 
> man woman man  man  man   man  man woman man man woman woman nonbinary woman 
>   woman   woman woman man  man  woman  man  woman woman woman  man woman woma
> n man nigger killer 5000 man man man woman   man  woman woman woman woman man
>   man man    man woman man woman man man man man woman   man woman woman woma
> n prefer not to say man man woman    prefer not to say woman nonbinary woman 
> woman woman  man woman woman woman  woman  man man man woman woman man woman 
> woman woman man woman woman woman man woman man  woman woman prefer not to sa
> y woman woman trans man  woman woman man woman woman  woman man nonbinary man
>  woman woman woman woman man man woman man man man woman man woman man man ma
> n woman woman woman woman woman woman woman man man woman man woman woman wom
> an woman man man   man man woman man man woman man man woman woman woman woma
> n  man woman woman   man  woman  woman woman woman man woman  woman woman man
>   man man woman  man man man     woman  man woman woman woman woman  woman ma
> n  woman  woman man woman woman woman man  nonbinary woman woman woman woman 
> woman prefer not to say  woman   man woman woman woman  woman  woman  woman m
> an woman man     woman man woman man man woman man woman   man woman woman wo
> man  woman nonbinary woman woman woman woman man  woman man woman man  woman 
> man  woman woman   woman woman woman nonbinary woman man man     woman man  m
> an  woman  woman man prefer not to say woman woman man woman  woman  woman wo
> man woman  woman woman   woman   woman woman  man man woman woman woman  man 
>  woman man     woman man woman woman nonbinary man man  man man man woman wom
> an man woman man woman woman  man  man woman  man woman  man     woman man wo
> man man woman  woman woman man man man  woman woman man woman man woman woman
>  woman woman nonbinary  man man woman woman woman man man man woman man woman
>  woman woman man woman woman  woman   trans man man man woman man woman woman
>  i was born a girl and no one can change that woman woman man woman woman wom
> an woman woman prefer not to say man    man man woman woman man woman man wom
> an trans man woman man woman this should not be a question woman woman   woma
> n man man woman man woman woman woman woman trans man woman  man woman woman 
> woman woman woman woman  man  man woman woman  man woman nonbinary woman man 
> woman  woman  woman woman  man nonbinary woman woman man man man woman woman 
>  man woman  man man    man  woman  woman prefer not to say woman woman woman 
>   man prefer not to say woman woman man woman man man man man   man woman man
>  woman woman man woman woman man woman man nonbinary man woman woman woman tr
> ans woman woman woman man man woman  woman woman  man woman woman man woman  
>  woman woman woman man woman man    woman woman  man man man  woman woman wom
> an woman  man woman woman  woman  woman    woman man trans woman man woman   
> woman woman   woman woman man woman man   woman  man man man man man nonbinar
> y man woman  woman  nonbinary man woman man man woman woman woman man woman m
> an  woman man woman man  man   nonbinary  nonbinary woman  woman  woman man w
> oman woman woman woman woman woman woman woman man woman woman man woman    w
> oman man woman woman man man woman man woman  woman woman  man woman woman ma
> n man woman woman woman man woman woman man man man trans man  man man woman 
> woman woman woman woman woman woman  woman woman man woman woman woman woman 
> man man man woman trans man woman  man woman man man woman man woman  man wom
> an  woman nonbinary man nonbinary man woman woman man woman man man  woman  m
> an  man woman woman man man  man  man  woman man woman woman woman man woman 
>  woman  woman woman woman woman woman man woman man woman woman man man woman
>  woman man man man who at times acts as a woman woman  woman  man woman man n
> onbinary   man man woman man woman woman woman woman woman man woman woman ma
> n woman woman trans man woman man woman woman woman woman  woman woman man wo
> man man woman woman  woman man man woman man woman woman man woman man woman 
> woman woman woman man woman woman man  man woman woman woman man woman woman 
> woman prefer not to say woman woman woman woman woman man      man   man     
>     man         man   man        woman         woman woman   woman     man  w
> oman           woman  woman  woman                woman  woman      woman    
>   woman                woman         man         woman woman woman           
>     woman       nonbinary       man     woman                                
>    woman woman     man                woman      woman            man     wom
> an  man  woman woman   man   woman woman woman man man  woman  man     woman 
>        man        woman    woman  woman     man      man woman  woman man  wo
> man     man  woman woman      woman   woman  man woman woman man       man  w
> oman man   woman   woman  woman   man  man  woman  woman    man woman man gen
> derfluid    woman  nonbinary       woman    woman  man woman woman man  man  
>        man  woman woman  woman man  man man   woman  woman    man woman man w
> oman  woman     man    trans man      woman woman prefer not to say  man woma
> n       prefer not to say woman nonbinary  woman man  woman    man   woman wo
> man woman man demigirl woman man woman   woman   woman  woman  woman   trans 
> man woman   woman man woman woman man man woman   woman    woman   woman  wom
> an man man man man prefer not to say   man man  woman   man   woman woman wom
> an woman woman woman man  woman woman man  man woman woman   woman  man     w
> oman   woman nonbinary woman   man woman woman    woman woman  woman   prefer
>  not to say  woman man man  woman  man woman  man woman  nonbinary        wom
> an  woman woman  man woman man woman man   woman   woman      man man woman w
> oman   man    woman  nonbinary       woman man man  nonbinary   woman woman  
>   man man   woman  man   woman   woman man man  woman woman genderqueer woman
>     woman man  woman woman  woman man genderfluid man  man  man man woman man
>   woman woman woman   man man woman woman man woman   man woman  man trans ma
> n man woman woman woman nonbinary man woman woman woman woman  woman    woman
>  woman woman woman man man man   woman woman  woman  nonbinary man   woman ma
> n not relevant woman woman woman man woman woman  woman woman woman man woman
>  woman woman woman man woman man woman man man man woman man woman man meant 
> to put male on last question im a man male i dont belive in this mentally ill
>  shit man prefer not to say woman woman woman man woman woman man man woman w
> oman  man woman woman woman man man woman woman nonbinary woman woman woman n
> onbinary man  woman woman woman woman woman nonbinary man woman woman man wom
> an man woman woman woman man man woman man man woman man woman woman woman wo
> man woman woman woman woman man man man woman man woman woman woman woman wom
> an man woman woman man man woman woman woman man man woman woman woman woman 
> man woman woman nonbinary woman woman nonbinary woman man woman woman man wom
> an woman woman woman man woman nonbinary man woman woman woman woman woman ma
> n woman  woman man woman man trans man man woman woman woman woman  woman  ma
> n man woman  woman woman man man woman man man  man woman woman nonbinary man
>  woman   woman woman woman man woman woman woman woman nonbinary man woman  m
> an nonbinary woman man woman woman woman woman woman man woman man man woman 
> woman man woman woman woman man woman trans man woman man man woman man man w
> oman woman man man woman man  man  woman woman woman man woman man woman  wom
> an man prefer not to say woman man man woman woman woman nonbinary  man  unce
> rtain woman man woman woman woman man man idk what its called but i was born 
> a guy i mostly identify as a guy but i also feel somewhat feminine here and t
> here so i also identify not only as hehim but also as theythem demigirl man w
> oman man woman woman man woman man man woman man woman man woman woman woman 
> man man woman man man man woman man  woman nonbinary woman prefer not to say 
> man man man woman man man i dont play that stupid stuff woman woman  man woma
> n woman man woman man woman man  man woman  woman woman man woman  woman nonb
> inary woman woman man man  woman woman woman man woman woman woman man woman 
> man  woman man woman man woman man woman woman man man man  man woman woman w
> oman woman woman woman man man man woman woman woman man man woman woman woma
> n woman woman woman man man  man nonbinary woman  man woman man man woman wom
> an prefer not to say man woman man man man man woman woman man woman woman ma
> n woman man man woman woman man  woman woman nonbinary man  woman woman woman
>  woman trans man man woman man man woman woman woman man woman man woman man 
> woman woman man woman woman man man woman man woman woman woman woman man wom
> an woman man woman man woman  nonbinary  woman woman   man woman woman woman 
> woman woman woman woman woman man man trans woman woman woman man woman man w
> oman woman man woman   woman man woman woman woman man man man woman woman wo
> man woman nonbinary woman man woman man woman woman nonbinary man woman woman
>  woman  woman woman  woman man woman  man woman woman trans man woman man wom
> an woman woman woman woman woman woman man woman woman woman woman woman woma
> n woman woman man woman trans woman man man woman man woman woman  woman woma
> n genderfluid woman woman woman woman woman woman trans woman  man man woman 
> man man woman man woman woman prefer not to say woman  man woman nonbinary wo
> man woman woman woman woman nonbinary woman woman man man woman  man woman wo
> man man woman man woman man woman man man nonbinary woman man man man woman w
> oman woman man woman woman woman  woman nonbinary woman man  woman woman man 
> woman woman woman  man woman woman woman man woman man woman  woman woman wom
> an woman  man woman man woman woman man woman woman woman woman woman woman m
> an woman woman woman woman woman man man woman woman woman woman woman woman 
> woman woman woman man   woman man  man woman man woman man man woman man woma
> n woman  woman woman woman man woman man man woman demigirl woman woman woman
>  woman  man prefer not to say woman prefer not to say man woman woman woman m
> an woman woman man woman man woman woman woman trans man man woman woman woma
> n man man  woman woman  nonbinary  woman man woman man woman man woman  woman
>  woman man woman man woman woman woman man  man  masc nonbinary woman woman w
> oman  woman woman man woman man man man woman woman man woman woman man man m
> an man man man man man woman woman man man nonbinary woman woman woman woman 
> woman prefer not to say   man man  woman woman woman nonbinary man genderflui
> d man woman man woman man woman man man woman woman woman man woman  man man 
> man woman woman  woman woman man  woman woman man woman woman woman woman  wo
> man  woman woman man  man woman  woman man  nonbinary woman  man woman woman 
>  woman woman man man woman man man woman man woman man man man woman   woman 
> man woman woman woman  woman woman woman man nonbinary man man woman woman   
> man  nonbinary woman man  man man man woman woman   woman man  woman woman wo
> man  woman man woman man man woman woman woman  man woman woman man  woman   
> man woman  nonbinary man   woman woman man man woman woman woman woman woman 
> man woman woman woman woman woman  nonbinary man man woman man bisexual woman
>  man man woman  woman woman woman man woman  woman woman   woman woman woman 
> woman woman woman woman man  woman man man woman  woman woman woman woman wom
> an woman  man woman  woman woman  woman woman  man nonbinary   nonbinary man 
> woman man man man man woman woman   woman woman nonbinary woman man woman wom
> an woman woman woman  woman woman  woman woman  man woman man woman man man  
> woman   woman man  woman man man woman man man man woman woman woman  man man
>  woman woman woman prefer not to say woman woman  woman   woman woman woman m
> an woman woman woman woman  woman    man nonbinary woman woman  woman man wom
> an  man  man woman woman woman woman woman  woman woman woman man woman man g
> enderfluid nonbinary man prefer not to say woman man  woman prefer not to say
>  woman  nonbinary woman  woman  woman man woman   woman man woman  genderflui
> d man  woman  woman woman  prefer not to say woman man man  man woman woman w
> oman man  woman woman  man woman man woman man woman man woman man woman woma
> n woman woman woman woman woman woman man man woman femalenonbinary man woman
>  man woman woman woman    woman    man woman  woman woman woman woman man man
>  woman        woman             prefer not to say      woman                 
>           woman                 woman   woman woman     woman   woman   man  
>  man   man     woman     woman  nonbinary      man            woman         w
> oman  woman   man      man         man         man      woman     woman    wo
> man   man  woman man        woman  nonbinary            man          nonbinar
> y woman    woman  woman     man           woman man woman woman man   woman p
> refer not to say woman  woman woman  woman man woman     man man    man     m
> an woman      woman woman  woman  man    man  woman woman man man    woman   
>    prefer not to say woman   woman      woman   woman woman   woman  woman   
>  woman     woman woman man  man  man woman  woman  woman woman   woman   man 
>     woman woman    woman  man woman  woman  woman  man man man   man woman wo
> man woman woman  trans man   man  woman man woman woman prefer not to say  wo
> man woman   prefer not to say   woman woman woman  woman   woman   woman woma
> n man woman  woman  man man  woman woman man man  man man     man  man man ma
> n woman  woman woman nonbinary man     woman man    nonbinary  woman  woman w
> oman woman man woman prefer not to say man   woman woman   woman  man nonbina
> ry    woman woman man woman woman man man woman man man  man   man woman man 
>   woman  man man woman man man man woman man  man  man woman man man woman  w
> oman man  man  woman man   man woman woman woman  man woman nonbinary  man ma
> n woman woman nonbinary woman woman  woman man   woman woman   woman   woman 
> woman woman  man woman   woman woman  woman  woman man woman  woman prefer no
> t to say woman man man man   woman man  man woman woman prefer not to say man
>  man woman man man man  woman woman woman woman man man woman woman man   man
>  man man woman woman woman man woman  man woman woman woman man woman woman w
> oman man woman man man  woman woman woman woman woman man  woman man woman wo
> man man woman man man  woman woman woman  woman woman woman man man  man man 
> man woman woman  man man  woman man woman woman man man man man man man woman
>  woman woman man woman man woman  man man woman man woman woman man  woman pr
> efer not to say man woman woman man man woman  woman woman woman prefer not t
> o say woman woman man woman woman woman man  woman woman woman woman woman wo
> man woman woman trans man  woman woman woman woman woman man man man woman wo
> man man man woman woman  man man man man man man woman woman woman man woman 
> woman woman woman woman man  man woman  woman woman woman woman woman prefer 
> not to say woman man woman    woman woman woman man man  man nonbinary woman 
>  man woman woman man woman woman man woman  woman woman woman  woman nonbinar
> y woman man  woman trans woman nonbinary woman man  woman woman  woman man wo
> man woman  woman woman woman  woman  woman  woman woman two spirit man trans 
> woman woman woman woman woman man prefer not to say woman woman woman man man
>  woman man woman man  woman man man woman man man woman man man   woman woman
>  man woman    woman woman nonbinary  woman man  woman man  man man man woman 
> nonbinary man man man prefer not to say woman man woman woman man woman man w
> oman  man woman  nonbinary man  nonbinary woman woman woman man woman woman w
> oman  woman woman nonbinary man woman man man man man  woman woman  woman  wo
> man  woman man man  woman woman woman man man woman  prefer not to say prefer
>  not to say man woman man woman woman woman woman   woman man genderfluid man
>  man man     man woman   woman woman woman woman man woman woman nonbinary  w
> oman woman woman woman woman man woman woman man man nonbinary woman man man 
> man woman man woman woman man man  man woman man man woman man woman man woma
> n man  woman woman man demigirl man woman  woman woman man man  man man woman
>  woman woman woman man woman woman woman man  man man man woman woman man wom
> an woman woman woman woman  woman  man woman woman woman man man woman man wo
> man woman man man woman woman  man woman nonbinary woman  woman man woman   i
> m a dude this is a bullshit ass question man woman  woman  woman woman woman 
> man woman woman woman man man man woman woman woman nonbinary man woman woman
>  woman  man  prefer not to say nonbinary woman man woman prefer not to say ma
> n woman man man trans woman  woman trans woman nonbinary woman  man man woman
>  man man woman man woman man man woman woman man woman woman  woman woman wom
> an woman  woman woman man man prefer not to say  woman woman woman woman woma
> n  woman nonbinary man woman woman woman woman man himalpha man woman woman w
> oman woman man  woman woman woman  man  woman man man man man woman man  man 
> man man  man woman  man woman woman man woman trans man  woman nonbinary  wom
> an man  man  woman man woman man  man  man woman woman woman woman woman man 
> gender fluid   woman man woman  man woman woman man man man man woman  nonbin
> ary woman   woman woman man woman woman  man man woman woman man woman woman 
> woman   man  man woman man   woman man woman woman bigender male and female m
> an woman woman  woman man woman  man  woman man woman woman genderfluid  woma
> n man woman  woman man  woman woman   man woman man man  woman  prefer not to
>  say  man woman man man woman man woman woman woman nonbinary     man man man
>   man woman  man  woman man woman man man woman prefer not to say  woman  man
>   woman woman woman   woman   woman     man man man   woman woman man    woma
> n woman man nonbinary   man woman man woman  man man woman   man man man  man
>  nonbinary man woman man woman  woman  man  man  woman  woman woman  man man 
> woman nonbinary woman  man woman  man man  trans man woman woman woman man  m
> an woman man nonbinary woman man man man  woman     man   woman          woma
> n  woman       woman     woman woman      man          woman  woman man    no
> nbinary     woman  man    woman          man  man   woman woman         woman
>       woman woman            woman  woman              woman  woman          
>           woman      man    woman   man  prefer not to say    man woman    wo
> man woman  woman man nonbinary man woman woman woman man   nonbinary     man 
>      woman man    woman   nonbinary  woman woman       man     man woman     
>     woman   man   woman woman man woman         woman   woman  woman woman wo
> man woman woman     woman  woman      man woman  man woman woman   woman woma
> n  woman  woman  man  woman  woman   nonbinary man man woman woman woman woma
> n   woman  man woman woman  woman woman  man man woman  woman       woman wom
> an woman man woman man man man woman   gender fluid  woman woman  man nonbina
> ry man woman   woman woman man  woman man               man     man man    wo
> man  woman   man woman    woman    man man  questioning woman  woman   man ma
> n  man    woman  man  man man woman woman man woman woman   man man nonbinary
>   woman  man woman  woman   woman   woman woman man woman man woman  man man 
>  woman woman man man  woman   man man    woman man woman woman woman  man man
>   man man  man nonbinary man man  prefer not to say  man woman man woman pref
> er not to say man woman  woman man  woman    woman woman woman woman woman   
> woman  woman  woman  man woman  man  woman  woman man  woman  woman man woman
>  man woman woman  man woman  woman woman   man woman woman  woman woman man m
> an woman man  woman woman woman woman woman woman   nonbinary woman woman man
>    woman  woman woman man woman  woman  woman  woman man man woman   man woma
> n  man man man woman  man man  woman man   woman man  woman woman man man man
>   woman  man  genderfluid prefer not to say woman woman prefer not to say wom
> an man woman  prefer not to say woman woman woman  woman woman woman man man 
>   woman  woman woman man woman  woman woman woman man woman woman woman woman
>  woman  man woman   woman woman   man woman trans man man woman woman woman m
> an man woman woman  woman woman man woman woman  man woman man woman man woma
> n man man     woman man woman woman    man woman man man woman woman man woma
> n  woman man woman woman  man woman  woman woman   man man man man woman woma
> n man woman man woman  trans man woman man  nonbinary  man man man woman man 
> man man woman man man woman  man  man girl gender fluid man  man man man man 
> woman  man man man  man woman man woman woman man woman man woman woman woman
>  nonbinary  woman woman man  woman   man man woman genderfluid for ones gende
> r to be fluid and change at random woman man man woman woman woman prefer not
>  to say woman woman woman   man woman woman  woman woman  woman woman woman m
> an woman  woman man woman woman man   woman woman man man man man woman   man
>  nonbinary  man  woman woman  woman woman man man  man man  woman man woman m
> an  man  man man   man  man woman   woman man  man  man   woman man  woman wo
> man man man woman  man woman woman woman man man woman man man man woman  man
>  woman  woman woman woman woman  woman woman  man man woman man man woman man
>    man woman woman man  woman man  man  man woman woman   man prefer not to s
> ay man man woman prefer not to say   woman woman woman woman woman woman woma
> n  man woman man  man woman man woman woman  woman man woman man  woman woman
>   woman man woman   man woman man man man man  prefer not to say   trans man 
> man  woman woman man man  man woman woman woman woman nonbinary  man man  non
> binary woman man   man  woman woman man man man man man woman man woman man  
> woman man  woman nonbinary   woman woman man  woman   man woman prefer not to
>  say woman man man  woman   man  woman woman  man man man  woman woman man  m
> an woman man  woman woman   man woman nonbinary man man man  woman  woman  ma
> n woman woman woman  man  man man woman man  man prefer not to say woman  wom
> an woman  man man woman man woman  woman man  man woman woman man  prefer not
>  to say woman  woman man man woman nonbinary woman woman  woman woman  man   
> woman prefer not to say man woman man woman  man man man   woman   man   woma
> n man man man woman   man  woman woman man woman woman woman woman man man wo
> man woman  woman man woman  man  woman man  man woman man  man nonbinary woma
> n man     man man prefer not to say  man man woman woman  man man prefer not 
> to say woman   woman  woman man woman   man woman    woman prefer not to say 
>       woman woman man  woman  man man woman woman man woman man   man woman m
> an man woman man man woman   man   man woman woman  woman  woman woman  woman
>  man man woman man woman woman  man woman woman woman man woman woman  man  w
> oman   woman woman  man man woman woman  woman man    man  woman woman  man  
> man woman  woman  man woman woman woman man prefer not to say woman man man m
> an  man woman man woman woman  woman  woman woman woman man man man woman man
>  woman woman   man woman woman man man woman  woman man trans man   woman man
>   woman woman   man woman  man man woman woman   man    man  woman  woman  wo
> man nonbinary man woman   man man woman woman man  man man woman man woman   
> woman woman  woman   man  woman woman man  man  man  woman woman man genderfl
> uid nonbinary  woman woman woman woman man  man woman man nonbinary   man man
>  agender  trans man woman woman woman woman   trans man man  man man woman wo
> man  woman man man man man  woman woman woman man   woman   woman woman woman
>     man  woman  man woman man man woman  man woman man man woman  man nonbina
> ry woman woman man man man woman woman  woman man woman woman man   man man m
> an prefer not to say man man woman man  nonbinary  woman woman  woman man wom
> an  woman  woman   man   woman  man woman man woman  man  woman woman woman w
> oman   man man  nonbinary  woman man woman  woman woman  prefer not to say ma
> n  woman woman man man gender fluid woman man  man  woman woman woman man    
>  man prefer not to say  woman   man  man  man woman   man woman  woman woman 
> woman   man woman man woman woman    woman man man man woman man woman man ma
> n man   man man woman woman woman  woman   man trans woman woman woman woman 
>   man nonbinary prefer not to say man woman man man  man  woman woman woman w
> oman   woman woman  man woman woman woman man woman woman man woman woman  ma
> n nonbinary woman   woman man woman woman man  woman man woman   woman woman 
> prefer not to say man woman  woman man  man woman  nonbinary woman  man   man
>    man  man man woman  woman  woman man woman woman  woman  woman nonbinary w
> oman man man genderqueer woman   gender fluid man woman woman man woman man m
> an woman man woman woman woman man   woman man woman woman  man woman man  wo
> man woman man woman  woman  man man woman   woman  man man man woman woman wo
> man woman man woman woman  man  man man  woman man woman woman  woman  woman 
>  man man man nonbinary  woman man  woman woman man man prefer not to say  wom
> an  man woman man woman man prefer not to say woman woman man  woman woman  m
> an man  woman  trans woman man man man man  man woman  man   woman man woman 
> woman man  man man woman man man  man  woman woman woman woman woman  woman w
> oman  woman woman man  woman woman woman  woman  woman  man   woman male man 
> woman woman woman man man woman man man man woman man man   man woman woman w
> oman man woman man  man  man man man woman woman woman woman woman woman man 
> man man woman man woman woman woman woman woman man man woman man man woman m
> an woman woman man man man man    man  man prefer not to say woman woman man 
> woman man  woman man   man woman man man man woman woman woman woman   woman 
> man woman woman   woman man woman woman man woman woman man  woman woman woma
> n woman woman woman man woman  man woman  woman man man woman    woman man wo
> man  man man woman woman woman woman prefer not to say woman man woman man  m
> an man man  man man man man woman not sure man man   woman  woman nonbinary m
> an woman    man man  woman  woman woman  nonbinary woman  woman  man   woman 
> woman woman woman woman woman man woman man prefer not to say man man woman m
> an man man  man  man  woman woman woman man man man woman  woman  man man man
>  man man woman man woman man woman nonbinary woman  woman  woman  man woman  
> woman woman man woman woman woman man man man man man woman woman man  woman 
> man  woman man man  man woman man  woman     woman woman woman   man man woma
> n  man  man man man  woman woman nonbinary woman woman   man woman woman woma
> n  prefer not to say    woman   man man man woman man   woman   woman woman m
> an woman woman woman man woman  prefer not to say  man  man  woman man  man w
> oman  man man  woman  man   woman man   man man   woman man woman man man  tr
> ans man     nonbinary man woman  woman man man man   woman woman man  woman w
> oman  woman woman  woman  woman woman man woman woman woman    man woman man 
> woman woman man woman   man woman man woman man man    man  woman woman man  
> woman man   trans man man man man woman    woman man woman woman   woman tran
> s man woman woman woman prefer not to say woman woman  man woman woman man ma
> n  man man  nonbinary woman woman man man  woman man woman man woman  man   w
> oman   man man  man woman man man man  man  man woman man  woman   woman woma
> n  man man man  man man trans woman man woman man woman woman woman woman  wo
> man woman  man  woman man   man man woman man woman woman woman    man  woman
>  man  man woman nonbinary woman woman man  woman  man  woman man prefer not t
> o say  man woman woman woman   woman man woman woman    woman man man   trans
>  man woman man woman woman woman  man  man man  man woman  man  woman woman  
> woman woman man   woman  woman   man man  woman  man  woman woman man woman w
> oman   woman nonbinary    man man nonbinary woman woman man woman man  man  m
> an woman    man  woman nonbinary woman woman  man woman nonbinary  woman woma
> n woman      man  man woman  man woman  woman  man man woman man woman man  w
> oman woman   man woman man man man man woman man man woman man woman man woma
> n    woman  woman   woman woman  woman prefer not to say woman   man   woman 
> woman man woman man woman woman  man woman  woman woman nonbinary woman man  
> man woman man nonbinary woman man woman man woman    woman woman   woman nonb
> inary  woman  man    genderfluid woman   woman  man man woman woman woman wom
> an  man   man woman prefer not to say    woman man man  man man woman  woman 
> man man woman man man man woman man   woman woman woman man woman woman man m
> an   woman woman   man prefer not to say   woman woman woman  woman  man man 
>  man  woman man man        man man woman woman  man   woman    woman woman wo
> man    woman       woman    woman woman  woman   man   man  woman woman man m
> an  woman     woman  woman                                man                
> woman     man man                        woman woman                        w
> oman            woman         man       woman   woman     woman              
>        woman woman       man    woman woman       woman woman         man    
>  woman    woman    woman      woman    man      prefer not to say    woman   
>                  man   woman woman man            woman          man         
>         man      woman     woman   trans man                       woman     
>     man   woman     man man  man     man woman      man           man        
>          man  man   woman     woman man   man  man          woman      woman 
>   woman      man   man    woman    woman   man        woman    man  prefer no
> t to say  woman       woman       woman   woman         man                  
>       man man    man    woman             man prefer not to say man     woman
>  woman  woman woman man  man  man           man man   woman   woman man      
>         woman man   woman   woman  woman woman  man  trans man woman  man    
>  man  man   woman   man man       woman nonbinary   woman    prefer not to sa
> y        woman   man man           man woman man man woman man  woman woman  
>     woman  woman nonbinary      woman woman        man man    nonbinary man  
>    man man woman  man man woman    man   man   man   man woman    prefer not 
> to say woman woman      woman  man man woman   woman woman woman   man trans 
> man   man  man  prefer not to say nonbinary woman  man      man   woman man  
> woman woman woman  woman    man  woman          woman woman woman nonbinary m
> an   woman  man man man    man man  woman     man   woman  woman woman man  w
> oman   man     woman woman woman   man   woman  man         woman        woma
> n                                     
[('woman', 4496), ('man', 2860), ('nonbinary', 282), ('trans man', 65), ('gende
> rfluid', 29), ('trans woman', 22), ('gender fluid', 6), ('agender', 3), ('mal
> e', 3), ('demigirl', 3), ('change', 2), ('question', 2), ('genderqueer', 2), 
> ('agender trans', 2), ('unknown', 1), ('unsure', 1), ('demiboy', 1), ('hombre
> ', 1), ('androgyne', 1), ('time', 1), ('thing', 1), ('idea', 1), ('fluid', 1)
> , ('one', 1), ('relevant', 1), ('meant', 1), ('uncertain', 1), ('idk', 1), ('
> called', 1), ('identify', 1)]
[('woman', 1.0), ('man', 0.6361209964412812), ('nonbinary', 0.06272241992882563
> ), ('trans man', 0.01445729537366548), ('genderfluid', 0.0064501779359430605)
> , ('trans woman', 0.004893238434163701), ('gender fluid', 0.00133451957295373
> 67), ('agender', 0.0006672597864768683), ('male', 0.0006672597864768683), ('d
> emigirl', 0.0006672597864768683), ('change', 0.00044483985765124553), ('quest
> ion', 0.00044483985765124553), ('genderqueer', 0.00044483985765124553), ('age
> nder trans', 0.00044483985765124553), ('unknown', 0.00022241992882562276), ('
> unsure', 0.00022241992882562276), ('demiboy', 0.00022241992882562276), ('homb
> re', 0.00022241992882562276), ('androgyne', 0.00022241992882562276), ('time',
>  0.00022241992882562276), ('thing', 0.00022241992882562276), ('idea', 0.00022
> 241992882562276), ('fluid', 0.00022241992882562276), ('one', 0.00022241992882
> 562276), ('relevant', 0.00022241992882562276), ('meant', 0.000222419928825622
> 76), ('uncertain', 0.00022241992882562276), ('idk', 0.00022241992882562276), 
> ('called', 0.00022241992882562276), ('identify', 0.00022241992882562276)]

. 
. restore, preserve 

. drop if so_raw_combined=="STRAIGHT (NOT GAY OR LESBIAN)"
(0 observations deleted)

. tab so_raw_combined

                        so_raw_combined |      Freq.     Percent        Cum.
----------------------------------------+-----------------------------------
                             abrosexual |          1        0.01        0.01
                            antrosexual |          1        0.01        0.03
                                 aroacr |          1        0.01        0.04
                              aromantic |          1        0.01        0.05
                      aromantic asexual |          2        0.03        0.08
                                asexual |        179        2.28        2.35
               asexual and demiromantic |          1        0.01        2.36
                      asexual and queer |          1        0.01        2.38
                     asexual biromantic |          1        0.01        2.39
                     asexual omnisexual |          1        0.01        2.40
                       asexualaromantic |          1        0.01        2.41
                           asexualqueer |          1        0.01        2.43
                      attracted to cars |          1        0.01        2.44
                              bicurious |          2        0.03        2.47
                         big titty jews |          1        0.01        2.48
        biromantic bisexual and asexual |          1        0.01        2.49
                  biromantic demisexual |          1        0.01        2.50
                               bisexual |      1,084       13.78       16.28
                 bisexual and aromantic |          1        0.01       16.29
                       bisexual asexual |          1        0.01       16.31
cant tell if im really straight or bi.. |          1        0.01       16.32
                            demi sexual |          1        0.01       16.33
                             demisexual |          6        0.08       16.41
              demisexual and polysexual |          1        0.01       16.42
                 demisexual panromantic |          1        0.01       16.43
                            hate labels |          1        0.01       16.45
                                 hetero |          1        0.01       16.46
                         heteroflexible |          1        0.01       16.47
                           heterosexual |          2        0.03       16.50
i am a minor you should not be asking.. |          1        0.01       16.51
                  i do not label myself |          1        0.01       16.52
                            i dont know |          1        0.01       16.54
                     i dont like labels |          1        0.01       16.55
            i havent switched sides yet |          1        0.01       16.56
                                    idk |          1        0.01       16.57
                            im not sure |          1        0.01       16.59
im not sure yet but i know im some ty.. |          1        0.01       16.60
                         lesbian or gay |        349        4.44       21.03
                                    man |          1        0.01       21.05
mentally ill people god will come and.. |          1        0.01       21.06
                                  mujer |          1        0.01       21.07
                no drop table responses |          1        0.01       21.09
                               no label |          1        0.01       21.10
           no labels i just like people |          1        0.01       21.11
                                 no one |          1        0.01       21.12
nobodys business but mine not at all .. |          1        0.01       21.14
                                    non |          2        0.03       21.16
                            non labeled |          1        0.01       21.17
                                   none |          1        0.01       21.19
                       none apply to me |          1        0.01       21.20
                                 normal |          1        0.01       21.21
                            not labeled |          1        0.01       21.23
                           not relevant |          1        0.01       21.24
not straight but i also dont care abo.. |          1        0.01       21.25
                               not sure |          1        0.01       21.26
                             omnisexual |          7        0.09       21.35
                  omnisexual demisexual |          1        0.01       21.37
       on both the aro and ace spectrum |          1        0.01       21.38
on the asexual spectrum and im still .. |          1        0.01       21.39
                                    pan |          2        0.03       21.42
                              pan  demi |          1        0.01       21.43
                             pan sexual |          2        0.03       21.45
                            panromantic |          1        0.01       21.47
                    panromantic asexual |          1        0.01       21.48
                              pansexual |         92        1.17       22.65
                 pansexual demiromantic |          1        0.01       22.66
                     pansexual everyone |          1        0.01       22.67
                      pansexualbisexual |          1        0.01       22.69
                      prefer not to say |        544        6.91       29.60
                                  queer |         43        0.55       30.15
                    queer aka dont care |          1        0.01       30.16
                          queer aro ace |          1        0.01       30.17
                         queer no label |          1        0.01       30.19
                            questioning |          4        0.05       30.24
questioning labels but definitely queer |          1        0.01       30.25
                               straight |          2        0.03       30.27
                  straight and ace spec |          1        0.01       30.29
            straight not gay or lesbian |      5,473       69.56       99.85
            this is private information |          1        0.01       99.86
          this should not be a question |          1        0.01       99.87
                           trans female |          1        0.01       99.89
                              unlabeled |          2        0.03       99.91
                 unlabeled not straight |          1        0.01       99.92
                    unlabeledomnisexual |          1        0.01       99.94
                                 unsure |          2        0.03       99.96
    who even knows but its not straight |          1        0.01       99.97
why the fuck does this matter im stra.. |          1        0.01       99.99
wow not really relevant to financial .. |          1        0.01      100.00
----------------------------------------+-----------------------------------
                                  Total |      7,868      100.00

. python script $csacprojdir/do/learn/wordcloud.py, args(`wordvar2' `pathvar2')
 straight not gay or lesbian lesbian or gay bisexual   straight not gay or lesb
> ian lesbian or gay straight not gay or lesbian  straight not gay or lesbian l
> esbian or gay bisexual straight not gay or lesbian prefer not to say straight
>  not gay or lesbian asexual prefer not to say  straight not gay or lesbian st
> raight not gay or lesbian straight not gay or lesbian straight not gay or les
> bian straight not gay or lesbian  straight not gay or lesbian straight not ga
> y or lesbian straight not gay or lesbian straight not gay or lesbian straight
>  not gay or lesbian straight not gay or lesbian straight not gay or lesbian b
> isexual prefer not to say straight not gay or lesbian bisexual straight not g
> ay or lesbian pansexual asexual straight not gay or lesbian straight not gay 
> or lesbian straight not gay or lesbian straight not gay or lesbian asexual st
> raight not gay or lesbian straight not gay or lesbian bisexual prefer not to 
> say straight not gay or lesbian straight not gay or lesbian straight not gay 
> or lesbian straight not gay or lesbian bisexual straight not gay or lesbian s
> traight not gay or lesbian straight not gay or lesbian straight not gay or le
> sbian straight not gay or lesbian bisexual straight not gay or lesbian straig
> ht not gay or lesbian straight not gay or lesbian straight not gay or lesbian
>  straight not gay or lesbian bisexual  straight not gay or lesbian bisexual q
> ueer straight not gay or lesbian bisexual straight not gay or lesbian bisexua
> l bisexual lesbian or gay lesbian or gay bisexual straight not gay or lesbian
>  asexual lesbian or gay straight not gay or lesbian bisexual straight not gay
>  or lesbian bisexual straight not gay or lesbian omnisexual straight not gay 
> or lesbian straight not gay or lesbian lesbian or gay straight not gay or les
> bian straight not gay or lesbian straight not gay or lesbian straight not gay
>  or lesbian straight not gay or lesbian straight not gay or lesbian straight 
> not gay or lesbian straight not gay or lesbian straight not gay or lesbian st
> raight not gay or lesbian straight not gay or lesbian straight not gay or les
> bian asexual  straight not gay or lesbian straight not gay or lesbian bisexua
> l straight not gay or lesbian straight not gay or lesbian straight not gay or
>  lesbian straight not gay or lesbian straight not gay or lesbian straight not
>  gay or lesbian  straight not gay or lesbian bisexual queer straight not gay 
> or lesbian straight not gay or lesbian bisexual straight not gay or lesbian s
> traight not gay or lesbian straight not gay or lesbian straight not gay or le
> sbian prefer not to say straight not gay or lesbian straight not gay or lesbi
> an straight not gay or lesbian straight not gay or lesbian straight not gay o
> r lesbian straight not gay or lesbian straight not gay or lesbian straight no
> t gay or lesbian straight not gay or lesbian bisexual bisexual straight not g
> ay or lesbian bisexual straight not gay or lesbian straight not gay or lesbia
> n lesbian or gay straight not gay or lesbian straight not gay or lesbian stra
> ight not gay or lesbian prefer not to say straight not gay or lesbian straigh
> t not gay or lesbian straight not gay or lesbian straight not gay or lesbian 
> straight not gay or lesbian straight not gay or lesbian straight not gay or l
> esbian straight not gay or lesbian straight not gay or lesbian bisexual strai
> ght not gay or lesbian straight not gay or lesbian lesbian or gay bisexual st
> raight not gay or lesbian straight not gay or lesbian prefer not to say strai
> ght not gay or lesbian bisexual straight not gay or lesbian bisexual straight
>  not gay or lesbian straight not gay or lesbian straight not gay or lesbian a
> sexual straight not gay or lesbian straight not gay or lesbian straight not g
> ay or lesbian straight not gay or lesbian queer bisexual asexual straight not
>  gay or lesbian abrosexual straight not gay or lesbian  straight not gay or l
> esbian bisexual straight not gay or lesbian straight not gay or lesbian prefe
> r not to say bisexual straight not gay or lesbian straight not gay or lesbian
>  bisexual straight not gay or lesbian pansexual bisexual lesbian or gay strai
> ght not gay or lesbian lesbian or gay straight not gay or lesbian straight no
> t gay or lesbian straight not gay or lesbian straight not gay or lesbian stra
> ight not gay or lesbian straight not gay or lesbian straight not gay or lesbi
> an straight not gay or lesbian asexual bisexual straight not gay or lesbian  
> asexual straight not gay or lesbian straight not gay or lesbian straight not 
> gay or lesbian  straight not gay or lesbian straight not gay or lesbian strai
> ght not gay or lesbian straight not gay or lesbian straight not gay or lesbia
> n straight not gay or lesbian straight not gay or lesbian straight not gay or
>  lesbian  straight not gay or lesbian straight not gay or lesbian pansexual p
> refer not to say straight not gay or lesbian queer straight not gay or lesbia
> n bisexual prefer not to say prefer not to say lesbian or gay bisexual straig
> ht not gay or lesbian straight not gay or lesbian  straight not gay or lesbia
> n straight not gay or lesbian straight not gay or lesbian bisexual straight n
> ot gay or lesbian straight not gay or lesbian mujer straight not gay or lesbi
> an straight not gay or lesbian straight not gay or lesbian bisexual straight 
> not gay or lesbian  straight not gay or lesbian straight not gay or lesbian s
> traight not gay or lesbian straight not gay or lesbian straight not gay or le
> sbian straight not gay or lesbian bisexual bisexual straight not gay or lesbi
> an straight not gay or lesbian straight not gay or lesbian straight not gay o
> r lesbian straight not gay or lesbian straight not gay or lesbian straight no
> t gay or lesbian bisexual straight not gay or lesbian straight not gay or les
> bian straight not gay or lesbian lesbian or gay straight not gay or lesbian s
> traight not gay or lesbian straight not gay or lesbian straight not gay or le
> sbian bisexual lesbian or gay straight not gay or lesbian straight not gay or
>  lesbian bisexual straight not gay or lesbian straight not gay or lesbian str
> aight not gay or lesbian straight not gay or lesbian straight not gay or lesb
> ian pansexual straight not gay or lesbian straight not gay or lesbian straigh
> t not gay or lesbian straight not gay or lesbian bisexual bisexual straight n
> ot gay or lesbian straight not gay or lesbian straight not gay or lesbian str
> aight not gay or lesbian lesbian or gay straight not gay or lesbian bisexual 
> bisexual prefer not to say straight not gay or lesbian straight not gay or le
> sbian bisexual straight not gay or lesbian straight not gay or lesbian bisexu
> al straight not gay or lesbian straight not gay or lesbian prefer not to say 
> asexual straight not gay or lesbian straight not gay or lesbian bisexual bise
> xual prefer not to say straight not gay or lesbian straight not gay or lesbia
> n straight not gay or lesbian straight not gay or lesbian bisexual asexual bi
> sexual straight not gay or lesbian straight not gay or lesbian straight not g
> ay or lesbian straight not gay or lesbian straight not gay or lesbian lesbian
>  or gay straight not gay or lesbian straight not gay or lesbian lesbian or ga
> y straight not gay or lesbian straight not gay or lesbian straight not gay or
>  lesbian bisexual straight not gay or lesbian lesbian or gay  asexual straigh
> t not gay or lesbian straight not gay or lesbian straight not gay or lesbian 
> asexual straight not gay or lesbian straight not gay or lesbian straight not 
> gay or lesbian straight not gay or lesbian lesbian or gay straight not gay or
>  lesbian straight not gay or lesbian straight not gay or lesbian  straight no
> t gay or lesbian straight not gay or lesbian straight not gay or lesbian lesb
> ian or gay straight not gay or lesbian straight not gay or lesbian bisexual b
> isexual straight not gay or lesbian straight not gay or lesbian straight not 
> gay or lesbian straight not gay or lesbian straight not gay or lesbian straig
> ht not gay or lesbian straight not gay or lesbian straight not gay or lesbian
>  straight not gay or lesbian straight not gay or lesbian asexual straight not
>  gay or lesbian  straight not gay or lesbian straight not gay or lesbian asex
> ual bisexual straight not gay or lesbian prefer not to say straight not gay o
> r lesbian bisexual straight not gay or lesbian straight not gay or lesbian de
> misexual prefer not to say straight not gay or lesbian straight not gay or le
> sbian straight not gay or lesbian straight not gay or lesbian straight not ga
> y or lesbian prefer not to say bisexual straight not gay or lesbian prefer no
> t to say straight not gay or lesbian queer straight not gay or lesbian straig
> ht not gay or lesbian straight not gay or lesbian bisexual straight not gay o
> r lesbian bisexual straight not gay or lesbian queer bisexual bisexual lesbia
> n or gay straight not gay or lesbian lesbian or gay bisexual prefer not to sa
> y straight not gay or lesbian straight not gay or lesbian straight not gay or
>  lesbian straight not gay or lesbian straight not gay or lesbian bisexual bis
> exual bisexual asexual straight not gay or lesbian straight not gay or lesbia
> n straight not gay or lesbian bisexual straight not gay or lesbian bisexual s
> traight not gay or lesbian straight not gay or lesbian straight not gay or le
> sbian bisexual lesbian or gay lesbian or gay straight not gay or lesbian asex
> ual straight not gay or lesbian straight not gay or lesbian straight not gay 
> or lesbian bisexual aromantic straight not gay or lesbian straight not gay or
>  lesbian straight not gay or lesbian straight not gay or lesbian prefer not t
> o say straight not gay or lesbian straight not gay or lesbian straight not ga
> y or lesbian straight not gay or lesbian straight not gay or lesbian  straigh
> t not gay or lesbian bisexual straight not gay or lesbian straight not gay or
>  lesbian straight not gay or lesbian straight not gay or lesbian straight not
>  gay or lesbian straight not gay or lesbian straight not gay or lesbian lesbi
> an or gay straight not gay or lesbian straight not gay or lesbian straight no
> t gay or lesbian straight not gay or lesbian straight not gay or lesbian stra
> ight not gay or lesbian straight not gay or lesbian straight not gay or lesbi
> an straight not gay or lesbian prefer not to say straight not gay or lesbian 
> bisexual straight not gay or lesbian lesbian or gay straight not gay or lesbi
> an bisexual straight not gay or lesbian bisexual prefer not to say straight n
> ot gay or lesbian straight not gay or lesbian bisexual straight not gay or le
> sbian prefer not to say straight not gay or lesbian straight not gay or lesbi
> an lesbian or gay straight not gay or lesbian bisexual straight not gay or le
> sbian straight not gay or lesbian bisexual straight not gay or lesbian straig
> ht not gay or lesbian straight not gay or lesbian panromantic asexual straigh
> t not gay or lesbian straight not gay or lesbian prefer not to say bisexual s
> traight not gay or lesbian lesbian or gay questioning lesbian or gay lesbian 
> or gay bisexual straight not gay or lesbian straight not gay or lesbian strai
> ght not gay or lesbian straight not gay or lesbian straight not gay or lesbia
> n straight not gay or lesbian straight not gay or lesbian straight not gay or
>  lesbian straight not gay or lesbian straight not gay or lesbian straight not
>  gay or lesbian straight not gay or lesbian straight not gay or lesbian bisex
> ual bisexual bisexual straight not gay or lesbian straight not gay or lesbian
>  pansexual straight not gay or lesbian straight not gay or lesbian straight n
> ot gay or lesbian straight not gay or lesbian prefer not to say queer straigh
> t not gay or lesbian prefer not to say straight not gay or lesbian straight n
> ot gay or lesbian straight not gay or lesbian pansexual bisexual straight not
>  gay or lesbian straight not gay or lesbian straight not gay or lesbian strai
> ght not gay or lesbian straight not gay or lesbian straight not gay or lesbia
> n bisexual straight not gay or lesbian bisexual straight not gay or lesbian p
> ansexual straight not gay or lesbian queer straight not gay or lesbian lesbia
> n or gay prefer not to say straight not gay or lesbian straight not gay or le
> sbian straight not gay or lesbian straight not gay or lesbian straight not ga
> y or lesbian straight not gay or lesbian straight not gay or lesbian straight
>  not gay or lesbian bisexual straight not gay or lesbian straight not gay or 
> lesbian bisexual prefer not to say bisexual lesbian or gay bisexual straight 
> not gay or lesbian non straight not gay or lesbian straight not gay or lesbia
> n straight not gay or lesbian straight not gay or lesbian straight not gay or
>  lesbian bisexual straight not gay or lesbian bisexual straight not gay or le
> sbian straight not gay or lesbian straight not gay or lesbian straight not ga
> y or lesbian straight not gay or lesbian straight not gay or lesbian straight
>  not gay or lesbian prefer not to say straight not gay or lesbian lesbian or 
> gay straight not gay or lesbian straight not gay or lesbian queer prefer not 
> to say straight not gay or lesbian prefer not to say straight not gay or lesb
> ian straight not gay or lesbian straight not gay or lesbian straight not gay 
> or lesbian prefer not to say straight not gay or lesbian straight not gay or 
> lesbian straight not gay or lesbian  straight not gay or lesbian straight not
>  gay or lesbian straight not gay or lesbian bisexual straight not gay or lesb
> ian straight not gay or lesbian bisexual straight not gay or lesbian straight
>  not gay or lesbian bisexual straight not gay or lesbian straight not gay or 
> lesbian straight not gay or lesbian straight not gay or lesbian prefer not to
>  say straight not gay or lesbian prefer not to say pansexual prefer not to sa
> y straight not gay or lesbian straight not gay or lesbian straight not gay or
>  lesbian lesbian or gay straight not gay or lesbian straight not gay or lesbi
> an straight not gay or lesbian lesbian or gay bisexual pansexual straight not
>  gay or lesbian straight not gay or lesbian asexual straight not gay or lesbi
> an straight not gay or lesbian straight not gay or lesbian bisexual prefer no
> t to say straight not gay or lesbian straight not gay or lesbian straight not
>  gay or lesbian bisexual straight not gay or lesbian straight not gay or lesb
> ian straight not gay or lesbian straight not gay or lesbian straight not gay 
> or lesbian straight not gay or lesbian bisexual straight not gay or lesbian s
> traight not gay or lesbian  straight not gay or lesbian prefer not to say str
> aight not gay or lesbian straight not gay or lesbian straight not gay or lesb
> ian straight not gay or lesbian straight not gay or lesbian straight not gay 
> or lesbian straight not gay or lesbian straight not gay or lesbian straight n
> ot gay or lesbian lesbian or gay straight not gay or lesbian bisexual straigh
> t not gay or lesbian bisexual lesbian or gay bisexual prefer not to say strai
> ght not gay or lesbian straight not gay or lesbian straight not gay or lesbia
> n straight not gay or lesbian straight not gay or lesbian straight not gay or
>  lesbian bisexual prefer not to say straight not gay or lesbian straight not 
> gay or lesbian straight not gay or lesbian prefer not to say straight not gay
>  or lesbian prefer not to say bisexual straight not gay or lesbian straight n
> ot gay or lesbian bisexual straight not gay or lesbian straight not gay or le
> sbian straight not gay or lesbian straight not gay or lesbian straight not ga
> y or lesbian straight not gay or lesbian straight not gay or lesbian straight
>  not gay or lesbian straight not gay or lesbian straight not gay or lesbian s
> traight not gay or lesbian bisexual  straight not gay or lesbian pansexual st
> raight not gay or lesbian  straight not gay or lesbian straight not gay or le
> sbian straight not gay or lesbian straight not gay or lesbian bisexual pansex
> ual straight not gay or lesbian straight not gay or lesbian bisexual straight
>  not gay or lesbian straight not gay or lesbian straight not gay or lesbian s
> traight not gay or lesbian prefer not to say straight not gay or lesbian stra
> ight not gay or lesbian straight not gay or lesbian straight not gay or lesbi
> an bisexual asexual straight not gay or lesbian straight not gay or lesbian s
> traight not gay or lesbian bisexual pansexual attracted to cars straight not 
> gay or lesbian straight not gay or lesbian straight not gay or lesbian lesbia
> n or gay bisexual straight not gay or lesbian  lesbian or gay straight not ga
> y or lesbian prefer not to say bisexual bisexual prefer not to say asexual qu
> eer bisexual bisexual asexual biromantic straight not gay or lesbian straight
>  not gay or lesbian bisexual pansexual straight not gay or lesbian  asexual s
> traight not gay or lesbian straight not gay or lesbian straight not gay or le
> sbian straight not gay or lesbian straight not gay or lesbian straight not ga
> y or lesbian bisexual bisexual prefer not to say straight not gay or lesbian 
> straight not gay or lesbian straight not gay or lesbian straight not gay or l
> esbian straight not gay or lesbian straight not gay or lesbian straight not g
> ay or lesbian straight not gay or lesbian straight not gay or lesbian straigh
> t not gay or lesbian straight not gay or lesbian straight not gay or lesbian 
> straight not gay or lesbian queer asexual straight not gay or lesbian  lesbia
> n or gay straight not gay or lesbian straight not gay or lesbian straight not
>  gay or lesbian straight not gay or lesbian straight not gay or lesbian bisex
> ual straight not gay or lesbian straight not gay or lesbian bisexual straight
>  not gay or lesbian straight not gay or lesbian straight not gay or lesbian s
> traight not gay or lesbian straight not gay or lesbian bisexual  queer asexua
> l straight not gay or lesbian straight not gay or lesbian bisexual straight n
> ot gay or lesbian straight not gay or lesbian straight not gay or lesbian str
> aight not gay or lesbian straight not gay or lesbian straight not gay or lesb
> ian straight not gay or lesbian straight not gay or lesbian straight not gay 
> or lesbian lesbian or gay bisexual straight not gay or lesbian bisexual bisex
> ual straight not gay or lesbian  asexual bisexual straight not gay or lesbian
>  bisexual bisexual straight not gay or lesbian straight not gay or lesbian st
> raight not gay or lesbian prefer not to say bisexual asexual bisexual straigh
> t not gay or lesbian straight not gay or lesbian straight not gay or lesbian 
> straight not gay or lesbian straight not gay or lesbian straight not gay or l
> esbian bisexual straight not gay or lesbian straight not gay or lesbian strai
> ght not gay or lesbian straight not gay or lesbian straight not gay or lesbia
> n straight not gay or lesbian   straight not gay or lesbian straight not gay 
> or lesbian straight not gay or lesbian prefer not to say straight not gay or 
> lesbian straight not gay or lesbian lesbian or gay prefer not to say prefer n
> ot to say straight not gay or lesbian straight not gay or lesbian lesbian or 
> gay prefer not to say straight not gay or lesbian bisexual prefer not to say 
> straight not gay or lesbian bisexual straight not gay or lesbian bisexual str
> aight not gay or lesbian  straight not gay or lesbian straight not gay or les
> bian bisexual straight not gay or lesbian bisexual straight not gay or lesbia
> n bisexual  straight not gay or lesbian straight not gay or lesbian straight 
> not gay or lesbian straight not gay or lesbian straight not gay or lesbian  s
> traight not gay or lesbian bisexual straight not gay or lesbian queer prefer 
> not to say straight not gay or lesbian  straight not gay or lesbian  straight
>  not gay or lesbian straight not gay or lesbian straight not gay or lesbian s
> traight not gay or lesbian lesbian or gay bisexual straight not gay or lesbia
> n straight not gay or lesbian straight not gay or lesbian prefer not to say s
> traight not gay or lesbian bisexual straight not gay or lesbian straight not 
> gay or lesbian straight not gay or lesbian straight not gay or lesbian straig
> ht not gay or lesbian straight not gay or lesbian straight not gay or lesbian
>  straight not gay or lesbian straight not gay or lesbian lesbian or gay prefe
> r not to say straight not gay or lesbian straight not gay or lesbian straight
>  not gay or lesbian straight not gay or lesbian pansexual demiromantic straig
> ht not gay or lesbian straight not gay or lesbian straight not gay or lesbian
>  straight not gay or lesbian asexual straight not gay or lesbian straight not
>  gay or lesbian bisexual straight not gay or lesbian straight not gay or lesb
> ian straight not gay or lesbian straight not gay or lesbian straight not gay 
> or lesbian straight not gay or lesbian straight not gay or lesbian straight n
> ot gay or lesbian pansexual straight not gay or lesbian straight not gay or l
> esbian straight not gay or lesbian straight not gay or lesbian prefer not to 
> say straight not gay or lesbian straight not gay or lesbian prefer not to say
>   bisexual straight not gay or lesbian straight not gay or lesbian straight n
> ot gay or lesbian straight not gay or lesbian straight not gay or lesbian pre
> fer not to say queer straight not gay or lesbian straight not gay or lesbian 
> bisexual straight not gay or lesbian straight not gay or lesbian lesbian or g
> ay bisexual straight not gay or lesbian straight not gay or lesbian lesbian o
> r gay bisexual straight not gay or lesbian straight not gay or lesbian straig
> ht not gay or lesbian straight not gay or lesbian straight not gay or lesbian
>  straight not gay or lesbian straight not gay or lesbian  bisexual bisexual s
> traight not gay or lesbian straight not gay or lesbian asexual asexual straig
> ht not gay or lesbian straight not gay or lesbian straight not gay or lesbian
>  prefer not to say prefer not to say straight not gay or lesbian lesbian or g
> ay straight not gay or lesbian bisexual straight not gay or lesbian bisexual 
> bisexual on both the aro and ace spectrum bisexual straight not gay or lesbia
> n straight not gay or lesbian straight not gay or lesbian straight not gay or
>  lesbian straight not gay or lesbian straight not gay or lesbian straight not
>  gay or lesbian straight not gay or lesbian straight not gay or lesbian strai
> ght not gay or lesbian straight not gay or lesbian straight not gay or lesbia
> n straight not gay or lesbian straight not gay or lesbian straight not gay or
>  lesbian bisexual bisexual straight not gay or lesbian straight not gay or le
> sbian straight not gay or lesbian straight not gay or lesbian straight not ga
> y or lesbian straight not gay or lesbian lesbian or gay bisexual bisexual str
> aight not gay or lesbian straight not gay or lesbian straight not gay or lesb
> ian straight not gay or lesbian bisexual straight not gay or lesbian straight
>  not gay or lesbian straight not gay or lesbian bisexual straight not gay or 
> lesbian  straight not gay or lesbian no drop table responses straight not gay
>  or lesbian straight not gay or lesbian bisexual straight not gay or lesbian 
> bisexual straight not gay or lesbian  straight not gay or lesbian straight no
> t gay or lesbian straight not gay or lesbian straight not gay or lesbian stra
> ight not gay or lesbian prefer not to say pansexual   straight not gay or les
> bian straight not gay or lesbian straight not gay or lesbian straight not gay
>  or lesbian prefer not to say straight not gay or lesbian straight not gay or
>  lesbian straight not gay or lesbian straight not gay or lesbian  straight no
> t gay or lesbian straight not gay or lesbian straight not gay or lesbian stra
> ight not gay or lesbian straight not gay or lesbian bisexual straight not gay
>  or lesbian bisexual straight not gay or lesbian straight not gay or lesbian 
> bisexual straight not gay or lesbian straight not gay or lesbian asexual stra
> ight not gay or lesbian straight not gay or lesbian prefer not to say straigh
> t not gay or lesbian prefer not to say straight not gay or lesbian straight n
> ot gay or lesbian straight not gay or lesbian asexual straight not gay or les
> bian bisexual asexual straight not gay or lesbian lesbian or gay straight not
>  gay or lesbian straight not gay or lesbian straight not gay or lesbian strai
> ght not gay or lesbian straight not gay or lesbian straight not gay or lesbia
> n straight not gay or lesbian straight not gay or lesbian straight not gay or
>  lesbian  straight not gay or lesbian lesbian or gay straight not gay or lesb
> ian not sure straight not gay or lesbian straight not gay or lesbian prefer n
> ot to say straight not gay or lesbian bisexual lesbian or gay straight not ga
> y or lesbian prefer not to say straight not gay or lesbian straight not gay o
> r lesbian bisexual prefer not to say straight not gay or lesbian straight not
>  gay or lesbian  straight not gay or lesbian straight not gay or lesbian stra
> ight not gay or lesbian straight not gay or lesbian lesbian or gay straight n
> ot gay or lesbian straight not gay or lesbian straight not gay or lesbian str
> aight not gay or lesbian queer straight not gay or lesbian straight not gay o
> r lesbian straight not gay or lesbian straight not gay or lesbian  straight n
> ot gay or lesbian straight not gay or lesbian straight not gay or lesbian les
> bian or gay straight not gay or lesbian pansexual straight not gay or lesbian
>  queer prefer not to say straight not gay or lesbian  straight not gay or les
> bian lesbian or gay straight not gay or lesbian straight not gay or lesbian l
> esbian or gay straight not gay or lesbian straight not gay or lesbian straigh
> t not gay or lesbian straight not gay or lesbian straight not gay or lesbian 
>  straight not gay or lesbian straight not gay or lesbian straight not gay or 
> lesbian straight not gay or lesbian straight not gay or lesbian straight not 
> gay or lesbian bisexual straight not gay or lesbian straight not gay or lesbi
> an straight not gay or lesbian bisexual straight not gay or lesbian straight 
> not gay or lesbian straight not gay or lesbian bisexual straight not gay or l
> esbian straight not gay or lesbian bisexual lesbian or gay straight not gay o
> r lesbian straight not gay or lesbian straight not gay or lesbian straight no
> t gay or lesbian prefer not to say straight not gay or lesbian asexual bisexu
> al bisexual straight not gay or lesbian straight not gay or lesbian straight 
> not gay or lesbian straight not gay or lesbian straight not gay or lesbian st
> raight not gay or lesbian pansexual straight not gay or lesbian bisexual bise
> xual bisexual straight not gay or lesbian queer bisexual prefer not to say st
> raight not gay or lesbian heteroflexible  straight not gay or lesbian bisexua
> l bisexual straight not gay or lesbian prefer not to say  lesbian or gay stra
> ight not gay or lesbian straight not gay or lesbian bisexual bisexual straigh
> t not gay or lesbian prefer not to say straight not gay or lesbian bisexual s
> traight not gay or lesbian lesbian or gay  omnisexual straight not gay or les
> bian straight not gay or lesbian bisexual asexual straight not gay or lesbian
>  straight not gay or lesbian bisexual straight not gay or lesbian prefer not 
> to say straight not gay or lesbian bisexual straight not gay or lesbian strai
> ght not gay or lesbian straight not gay or lesbian straight not gay or lesbia
> n straight not gay or lesbian straight not gay or lesbian prefer not to say p
> refer not to say bisexual straight not gay or lesbian straight not gay or les
> bian  bisexual pansexual straight not gay or lesbian straight not gay or lesb
> ian bisexual straight not gay or lesbian straight not gay or lesbian straight
>  not gay or lesbian straight not gay or lesbian straight not gay or lesbian s
> traight not gay or lesbian pansexual straight not gay or lesbian prefer not t
> o say straight not gay or lesbian bisexual  lesbian or gay straight not gay o
> r lesbian queer straight not gay or lesbian unlabeled straight not gay or les
> bian straight not gay or lesbian prefer not to say prefer not to say straight
>  not gay or lesbian prefer not to say straight not gay or lesbian straight no
> t gay or lesbian straight not gay or lesbian prefer not to say straight not g
> ay or lesbian prefer not to say straight not gay or lesbian straight not gay 
> or lesbian straight not gay or lesbian straight not gay or lesbian bisexual  
> straight not gay or lesbian straight not gay or lesbian bisexual straight not
>  gay or lesbian straight not gay or lesbian straight not gay or lesbian strai
> ght not gay or lesbian bisexual bisexual lesbian or gay straight not gay or l
> esbian  bisexual prefer not to say straight not gay or lesbian straight not g
> ay or lesbian straight not gay or lesbian straight not gay or lesbian straigh
> t not gay or lesbian prefer not to say straight not gay or lesbian prefer not
>  to say lesbian or gay bisexual straight not gay or lesbian straight not gay 
> or lesbian straight not gay or lesbian bisexual bisexual bisexual straight no
> t gay or lesbian straight not gay or lesbian lesbian or gay  queer prefer not
>  to say bisexual straight not gay or lesbian  straight not gay or lesbian que
> er straight not gay or lesbian straight not gay or lesbian straight not gay o
> r lesbian straight not gay or lesbian bisexual straight not gay or lesbian st
> raight not gay or lesbian straight not gay or lesbian straight not gay or les
> bian  straight not gay or lesbian straight not gay or lesbian bisexual straig
> ht not gay or lesbian  straight not gay or lesbian prefer not to say queer st
> raight not gay or lesbian straight not gay or lesbian bisexual straight not g
> ay or lesbian straight not gay or lesbian straight not gay or lesbian straigh
> t not gay or lesbian straight not gay or lesbian lesbian or gay straight not 
> gay or lesbian straight not gay or lesbian queer straight not gay or lesbian 
> asexual bisexual prefer not to say straight not gay or lesbian straight not g
> ay or lesbian straight not gay or lesbian straight not gay or lesbian straigh
> t not gay or lesbian straight not gay or lesbian asexual bisexual lesbian or 
> gay  straight not gay or lesbian bisexual lesbian or gay straight not gay or 
> lesbian straight not gay or lesbian bisexual straight not gay or lesbian stra
> ight not gay or lesbian straight not gay or lesbian prefer not to say straigh
> t not gay or lesbian lesbian or gay straight not gay or lesbian bisexual asex
> ual straight not gay or lesbian straight not gay or lesbian straight not gay 
> or lesbian bisexual straight not gay or lesbian lesbian or gay straight not g
> ay or lesbian straight not gay or lesbian lesbian or gay straight not gay or 
> lesbian straight not gay or lesbian bisexual straight not gay or lesbian stra
> ight not gay or lesbian straight not gay or lesbian bisexual bisexual bisexua
> l straight not gay or lesbian straight not gay or lesbian straight not gay or
>  lesbian straight not gay or lesbian straight not gay or lesbian straight not
>  gay or lesbian straight not gay or lesbian prefer not to say straight not ga
> y or lesbian straight not gay or lesbian prefer not to say straight not gay o
> r lesbian prefer not to say straight not gay or lesbian asexual bisexual stra
> ight not gay or lesbian lesbian or gay queer bisexual straight not gay or les
> bian straight not gay or lesbian straight not gay or lesbian straight not gay
>  or lesbian asexual straight not gay or lesbian straight not gay or lesbian s
> traight not gay or lesbian straight not gay or lesbian straight not gay or le
> sbian straight not gay or lesbian straight not gay or lesbian lesbian or gay 
> straight not gay or lesbian pansexual straight not gay or lesbian straight no
> t gay or lesbian straight not gay or lesbian bisexual bisexual straight not g
> ay or lesbian straight not gay or lesbian straight not gay or lesbian straigh
> t not gay or lesbian straight not gay or lesbian straight not gay or lesbian 
> lesbian or gay prefer not to say straight not gay or lesbian straight not gay
>  or lesbian straight not gay or lesbian straight not gay or lesbian bisexual 
> bisexual straight not gay or lesbian bisexual straight not gay or lesbian bis
> exual straight not gay or lesbian bisexual straight not gay or lesbian bisexu
> al straight not gay or lesbian lesbian or gay pansexual  prefer not to say le
> sbian or gay straight not gay or lesbian straight not gay or lesbian straight
>  not gay or lesbian straight not gay or lesbian straight not gay or lesbian b
> isexual straight not gay or lesbian straight not gay or lesbian lesbian or ga
> y bisexual straight not gay or lesbian straight not gay or lesbian straight n
> ot gay or lesbian straight not gay or lesbian straight not gay or lesbian les
> bian or gay bisexual straight not gay or lesbian straight not gay or lesbian 
> bisexual straight not gay or lesbian prefer not to say prefer not to say stra
> ight not gay or lesbian prefer not to say straight not gay or lesbian straigh
> t not gay or lesbian prefer not to say straight not gay or lesbian prefer not
>  to say lesbian or gay straight not gay or lesbian asexual straight not gay o
> r lesbian lesbian or gay straight not gay or lesbian bisexual straight not ga
> y or lesbian straight not gay or lesbian straight not gay or lesbian straight
>  not gay or lesbian prefer not to say lesbian or gay straight not gay or lesb
> ian straight not gay or lesbian straight not gay or lesbian bisexual straight
>  not gay or lesbian straight not gay or lesbian straight not gay or lesbian l
> esbian or gay lesbian or gay prefer not to say straight not gay or lesbian st
> raight not gay or lesbian straight not gay or lesbian straight not gay or les
> bian prefer not to say straight not gay or lesbian bisexual lesbian or gay st
> raight not gay or lesbian omnisexual straight not gay or lesbian prefer not t
> o say straight not gay or lesbian straight not gay or lesbian straight not ga
> y or lesbian straight not gay or lesbian straight not gay or lesbian asexual 
> straight not gay or lesbian straight not gay or lesbian straight not gay or l
> esbian straight not gay or lesbian bisexual lesbian or gay straight not gay o
> r lesbian straight not gay or lesbian straight not gay or lesbian lesbian or 
> gay straight not gay or lesbian straight not gay or lesbian straight not gay 
> or lesbian straight not gay or lesbian straight not gay or lesbian straight n
> ot gay or lesbian straight not gay or lesbian straight not gay or lesbian str
> aight not gay or lesbian prefer not to say straight not gay or lesbian straig
> ht not gay or lesbian asexual straight not gay or lesbian straight not gay or
>  lesbian lesbian or gay straight not gay or lesbian straight not gay or lesbi
> an straight not gay or lesbian queer straight not gay or lesbian straight not
>  gay or lesbian straight not gay or lesbian prefer not to say prefer not to s
> ay straight not gay or lesbian straight not gay or lesbian prefer not to say 
> straight not gay or lesbian bisexual bisexual straight not gay or lesbian str
> aight not gay or lesbian bisexual straight not gay or lesbian prefer not to s
> ay straight not gay or lesbian prefer not to say  asexual bisexual prefer not
>  to say straight not gay or lesbian straight not gay or lesbian straight not 
> gay or lesbian bisexual straight not gay or lesbian straight not gay or lesbi
> an straight not gay or lesbian straight not gay or lesbian prefer not to say 
> straight not gay or lesbian straight not gay or lesbian prefer not to say str
> aight not gay or lesbian  straight not gay or lesbian bisexual lesbian or gay
>  straight not gay or lesbian straight not gay or lesbian straight not gay or 
> lesbian straight not gay or lesbian straight not gay or lesbian bisexual stra
> ight not gay or lesbian straight not gay or lesbian straight not gay or lesbi
> an prefer not to say asexual straight not gay or lesbian straight not gay or 
> lesbian prefer not to say asexual straight not gay or lesbian lesbian or gay 
> prefer not to say  bisexual bisexual pansexual straight not gay or lesbian st
> raight not gay or lesbian straight not gay or lesbian straight not gay or les
> bian straight not gay or lesbian straight not gay or lesbian prefer not to sa
> y straight not gay or lesbian straight not gay or lesbian straight not gay or
>  lesbian bisexual bisexual no labels i just like people bisexual straight not
>  gay or lesbian straight not gay or lesbian straight not gay or lesbian strai
> ght not gay or lesbian straight not gay or lesbian straight not gay or lesbia
> n prefer not to say bisexual straight not gay or lesbian straight not gay or 
> lesbian straight not gay or lesbian straight not gay or lesbian lesbian or ga
> y  straight not gay or lesbian straight not gay or lesbian lesbian or gay str
> aight not gay or lesbian straight not gay or lesbian straight not gay or lesb
> ian straight not gay or lesbian straight not gay or lesbian straight not gay 
> or lesbian straight not gay or lesbian straight not gay or lesbian straight n
> ot gay or lesbian bisexual straight not gay or lesbian straight not gay or le
> sbian straight not gay or lesbian straight not gay or lesbian straight not ga
> y or lesbian straight not gay or lesbian bisexual straight not gay or lesbian
>  pansexual straight not gay or lesbian straight not gay or lesbian lesbian or
>  gay straight not gay or lesbian straight not gay or lesbian straight not gay
>  or lesbian straight not gay or lesbian bisexual pansexual panromantic straig
> ht not gay or lesbian  straight not gay or lesbian straight not gay or lesbia
> n straight not gay or lesbian straight not gay or lesbian straight not gay or
>  lesbian  bisexual straight not gay or lesbian straight not gay or lesbian st
> raight not gay or lesbian straight not gay or lesbian bisexual straight not g
> ay or lesbian man straight not gay or lesbian bisexual bisexual straight not 
> gay or lesbian asexual straight not gay or lesbian bisexual straight not gay 
> or lesbian bisexual straight not gay or lesbian straight not gay or lesbian  
> straight not gay or lesbian straight not gay or lesbian bisexual lesbian or g
> ay  straight not gay or lesbian prefer not to say  omnisexual straight not ga
> y or lesbian prefer not to say bisexual straight not gay or lesbian straight 
> not gay or lesbian straight not gay or lesbian straight not gay or lesbian st
> raight not gay or lesbian straight not gay or lesbian bisexual straight not g
> ay or lesbian straight not gay or lesbian straight not gay or lesbian straigh
> t not gay or lesbian straight not gay or lesbian straight not gay or lesbian 
> prefer not to say straight not gay or lesbian straight not gay or lesbian str
> aight not gay or lesbian  straight not gay or lesbian straight not gay or les
> bian straight not gay or lesbian lesbian or gay bisexual straight not gay or 
> lesbian bisexual straight not gay or lesbian straight not gay or lesbian  str
> aight not gay or lesbian straight not gay or lesbian straight not gay or lesb
> ian straight not gay or lesbian prefer not to say straight not gay or lesbian
>  straight not gay or lesbian straight not gay or lesbian straight not gay or 
> lesbian lesbian or gay straight not gay or lesbian straight not gay or lesbia
> n  straight not gay or lesbian straight not gay or lesbian straight not gay o
> r lesbian straight not gay or lesbian  straight not gay or lesbian  straight 
> not gay or lesbian lesbian or gay bisexual asexual straight not gay or lesbia
> n straight not gay or lesbian straight not gay or lesbian straight not gay or
>  lesbian straight not gay or lesbian lesbian or gay straight not gay or lesbi
> an straight not gay or lesbian bisexual straight not gay or lesbian prefer no
> t to say straight not gay or lesbian straight not gay or lesbian straight not
>  gay or lesbian  prefer not to say bisexual straight not gay or lesbian strai
> ght not gay or lesbian lesbian or gay bisexual bisexual straight not gay or l
> esbian prefer not to say bisexual prefer not to say straight not gay or lesbi
> an straight not gay or lesbian asexual straight not gay or lesbian bisexual b
> isexual bisexual straight not gay or lesbian straight not gay or lesbian  ase
> xual prefer not to say straight not gay or lesbian straight not gay or lesbia
> n prefer not to say bisexual lesbian or gay straight not gay or lesbian queer
>  bisexual straight not gay or lesbian straight not gay or lesbian straight no
> t gay or lesbian bisexual straight not gay or lesbian straight not gay or les
> bian straight not gay or lesbian straight not gay or lesbian straight not gay
>  or lesbian bisexual straight not gay or lesbian straight not gay or lesbian 
> bisexual  straight not gay or lesbian straight not gay or lesbian straight no
> t gay or lesbian straight not gay or lesbian straight not gay or lesbian stra
> ight not gay or lesbian  lesbian or gay straight not gay or lesbian lesbian o
> r gay straight not gay or lesbian i havent switched sides yet straight not ga
> y or lesbian bisexual straight not gay or lesbian straight not gay or lesbian
>   lesbian or gay straight not gay or lesbian straight not gay or lesbian stra
> ight not gay or lesbian prefer not to say straight not gay or lesbian straigh
> t not gay or lesbian straight not gay or lesbian bisexual straight not gay or
>  lesbian straight not gay or lesbian straight not gay or lesbian straight not
>  gay or lesbian straight not gay or lesbian straight not gay or lesbian strai
> ght not gay or lesbian straight not gay or lesbian straight not gay or lesbia
> n straight not gay or lesbian straight not gay or lesbian straight not gay or
>  lesbian straight not gay or lesbian straight not gay or lesbian straight not
>  gay or lesbian straight not gay or lesbian  prefer not to say straight not g
> ay or lesbian bisexual straight not gay or lesbian bisexual straight not gay 
> or lesbian straight not gay or lesbian straight not gay or lesbian straight n
> ot gay or lesbian straight not gay or lesbian straight not gay or lesbian str
> aight not gay or lesbian straight not gay or lesbian straight not gay or lesb
> ian straight not gay or lesbian straight not gay or lesbian prefer not to say
>  straight not gay or lesbian straight not gay or lesbian straight not gay or 
> lesbian straight not gay or lesbian bisexual  lesbian or gay straight not gay
>  or lesbian straight not gay or lesbian lesbian or gay straight not gay or le
> sbian straight not gay or lesbian straight not gay or lesbian straight not ga
> y or lesbian straight not gay or lesbian straight not gay or lesbian bisexual
>  prefer not to say straight not gay or lesbian straight not gay or lesbian pr
> efer not to say straight not gay or lesbian straight not gay or lesbian strai
> ght not gay or lesbian asexual straight not gay or lesbian biromantic bisexua
> l and asexual straight not gay or lesbian pansexual asexual straight not gay 
> or lesbian straight not gay or lesbian bisexual straight not gay or lesbian p
> refer not to say bisexual straight not gay or lesbian straight not gay or les
> bian bisexual straight not gay or lesbian straight not gay or lesbian straigh
> t not gay or lesbian bisexual straight not gay or lesbian prefer not to say  
> straight not gay or lesbian demisexual lesbian or gay straight not gay or les
> bian lesbian or gay straight not gay or lesbian straight not gay or lesbian l
> esbian or gay straight not gay or lesbian straight not gay or lesbian straigh
> t not gay or lesbian straight not gay or lesbian straight not gay or lesbian 
> straight not gay or lesbian straight not gay or lesbian straight not gay or l
> esbian straight not gay or lesbian  straight not gay or lesbian straight not 
> gay or lesbian straight not gay or lesbian straight not gay or lesbian straig
> ht not gay or lesbian straight not gay or lesbian bisexual lesbian or gay les
> bian or gay straight not gay or lesbian straight not gay or lesbian bisexual 
> straight not gay or lesbian bisexual straight not gay or lesbian straight not
>  gay or lesbian prefer not to say straight not gay or lesbian bisexual straig
> ht not gay or lesbian straight not gay or lesbian lesbian or gay prefer not t
> o say straight not gay or lesbian prefer not to say asexual straight not gay 
> or lesbian pansexual straight not gay or lesbian bisexual straight not gay or
>  lesbian straight not gay or lesbian asexual straight not gay or lesbian stra
> ight not gay or lesbian bisexual bisexual straight not gay or lesbian bisexua
> l  straight not gay or lesbian prefer not to say straight not gay or lesbian 
> straight not gay or lesbian straight not gay or lesbian straight not gay or l
> esbian straight not gay or lesbian straight not gay or lesbian straight not g
> ay or lesbian bisexual straight not gay or lesbian  prefer not to say bisexua
> l straight not gay or lesbian straight not gay or lesbian straight not gay or
>  lesbian straight not gay or lesbian lesbian or gay i dont like labels straig
> ht not gay or lesbian asexual straight not gay or lesbian lesbian or gay stra
> ight not gay or lesbian prefer not to say lesbian or gay straight not gay or 
> lesbian bisexual straight not gay or lesbian straight not gay or lesbian stra
> ight not gay or lesbian straight not gay or lesbian prefer not to say straigh
> t not gay or lesbian  straight not gay or lesbian bisexual prefer not to say 
> straight not gay or lesbian straight not gay or lesbian straight not gay or l
> esbian queer aro ace straight not gay or lesbian  bisexual straight not gay o
> r lesbian bisexual straight not gay or lesbian bisexual straight not gay or l
> esbian straight not gay or lesbian straight not gay or lesbian straight not g
> ay or lesbian  asexual straight not gay or lesbian prefer not to say straight
>  not gay or lesbian straight not gay or lesbian straight not gay or lesbian p
> refer not to say straight not gay or lesbian straight not gay or lesbian stra
> ight not gay or lesbian prefer not to say prefer not to say straight not gay 
> or lesbian straight not gay or lesbian straight not gay or lesbian straight n
> ot gay or lesbian straight not gay or lesbian straight not gay or lesbian str
> aight not gay or lesbian asexual straight not gay or lesbian straight not gay
>  or lesbian straight not gay or lesbian bisexual bisexual straight not gay or
>  lesbian lesbian or gay bisexual straight not gay or lesbian straight not gay
>  or lesbian prefer not to say straight not gay or lesbian bisexual  straight 
> not gay or lesbian straight not gay or lesbian straight not gay or lesbian st
> raight not gay or lesbian bisexual straight not gay or lesbian bisexual strai
> ght not gay or lesbian bisexual straight not gay or lesbian straight not gay 
> or lesbian bisexual bisexual asexual lesbian or gay straight not gay or lesbi
> an straight not gay or lesbian straight not gay or lesbian asexual straight n
> ot gay or lesbian straight not gay or lesbian lesbian or gay bisexual straigh
> t not gay or lesbian  straight not gay or lesbian straight not gay or lesbian
>  straight not gay or lesbian straight not gay or lesbian bisexual straight no
> t gay or lesbian straight not gay or lesbian straight not gay or lesbian stra
> ight not gay or lesbian straight not gay or lesbian lesbian or gay bisexual s
> traight not gay or lesbian  asexual prefer not to say  bisexual straight not 
> gay or lesbian straight not gay or lesbian straight not gay or lesbian lesbia
> n or gay straight not gay or lesbian prefer not to say unlabeledomnisexual st
> raight not gay or lesbian bisexual straight not gay or lesbian straight not g
> ay or lesbian straight not gay or lesbian straight not gay or lesbian prefer 
> not to say straight not gay or lesbian bisexual prefer not to say straight no
> t gay or lesbian straight not gay or lesbian straight not gay or lesbian stra
> ight not gay or lesbian straight not gay or lesbian straight not gay or lesbi
> an straight not gay or lesbian bisexual straight not gay or lesbian straight 
> not gay or lesbian straight not gay or lesbian pansexual straight not gay or 
> lesbian straight not gay or lesbian straight not gay or lesbian bisexual stra
> ight not gay or lesbian lesbian or gay lesbian or gay straight not gay or les
> bian straight not gay or lesbian straight not gay or lesbian lesbian or gay s
> traight not gay or lesbian straight not gay or lesbian pansexual straight not
>  gay or lesbian bisexual straight not gay or lesbian straight not gay or lesb
> ian prefer not to say asexual straight not gay or lesbian straight not gay or
>  lesbian bisexual straight not gay or lesbian straight not gay or lesbian bis
> exual straight not gay or lesbian straight not gay or lesbian bisexual straig
> ht not gay or lesbian prefer not to say lesbian or gay bisexual straight not 
> gay or lesbian straight not gay or lesbian bisexual bisexual straight not gay
>  or lesbian straight not gay or lesbian straight not gay or lesbian straight 
> not gay or lesbian straight not gay or lesbian bisexual straight not gay or l
> esbian straight not gay or lesbian straight not gay or lesbian straight not g
> ay or lesbian bisexual asexual straight not gay or lesbian straight not gay o
> r lesbian straight not gay or lesbian straight not gay or lesbian straight no
> t gay or lesbian straight not gay or lesbian straight not gay or lesbian bise
> xual straight not gay or lesbian straight not gay or lesbian bisexual straigh
> t not gay or lesbian bisexual   bisexual straight not gay or lesbian straight
>  not gay or lesbian prefer not to say straight not gay or lesbian pan straigh
> t not gay or lesbian bisexual bisexual prefer not to say straight not gay or 
> lesbian straight not gay or lesbian queer straight not gay or lesbian straigh
> t not gay or lesbian bisexual straight not gay or lesbian straight not gay or
>  lesbian lesbian or gay straight not gay or lesbian bisexual straight not gay
>  or lesbian straight not gay or lesbian straight not gay or lesbian straight 
> not gay or lesbian prefer not to say straight not gay or lesbian straight not
>  gay or lesbian straight not gay or lesbian straight not gay or lesbian bisex
> ual straight not gay or lesbian lesbian or gay straight not gay or lesbian bi
> sexual straight not gay or lesbian straight not gay or lesbian straight not g
> ay or lesbian bisexual straight not gay or lesbian prefer not to say lesbian 
> or gay straight not gay or lesbian straight not gay or lesbian bisexual strai
> ght not gay or lesbian prefer not to say straight not gay or lesbian bisexual
>  straight not gay or lesbian straight not gay or lesbian straight not gay or 
> lesbian  bisexual bisexual straight not gay or lesbian straight not gay or le
> sbian straight not gay or lesbian straight not gay or lesbian lesbian or gay 
> straight not gay or lesbian straight not gay or lesbian straight not gay or l
> esbian prefer not to say straight not gay or lesbian straight not gay or lesb
> ian straight not gay or lesbian straight not gay or lesbian straight not gay 
> or lesbian prefer not to say straight not gay or lesbian straight not gay or 
> lesbian straight not gay or lesbian lesbian or gay prefer not to say straight
>  not gay or lesbian bisexual straight not gay or lesbian  demisexual straight
>  not gay or lesbian straight not gay or lesbian straight not gay or lesbian s
> traight not gay or lesbian straight not gay or lesbian straight not gay or le
> sbian straight not gay or lesbian straight not gay or lesbian prefer not to s
> ay straight not gay or lesbian lesbian or gay prefer not to say pansexual bis
> exual straight not gay or lesbian straight not gay or lesbian lesbian or gay 
> straight not gay or lesbian straight not gay or lesbian bisexual bisexual str
> aight not gay or lesbian pan      prefer not to say     straight not gay or l
> esbian bisexual   bisexual          this is private information            st
> raight not gay or lesbian    prefer not to say      prefer not to say        
>           bisexual straight not gay or lesbian          straight not gay or l
> esbian   straight not gay or lesbian straight not gay or lesbian      straigh
> t not gay or lesbian      straight not gay or lesbian     asexual         les
> bian or gay straight not gay or lesbian      straight not gay or lesbian     
>      bisexual  lesbian or gay         straight not gay or lesbian        stra
> ight not gay or lesbian asexual          straight not gay or lesbian   asexua
> l                                              prefer not to say    bisexual 
>     straight and ace spec            lesbian or gay        straight not gay o
> r lesbian  straight not gay or lesbian   bisexual prefer not to say    asexua
> l straight not gay or lesbian    straight not gay or lesbian           pansex
> ual    straight not gay or lesbian   bisexual         lesbian or gay         
> straight not gay or lesbian        straight not gay or lesbian               
>       prefer not to say              asexual    straight not gay or lesbian s
> traight not gay or lesbian  straight not gay or lesbian straight not gay or l
> esbian  straight not gay or lesbian straight not gay or lesbian straight not 
> gay or lesbian bisexual straight not gay or lesbian lesbian or gay  bisexual 
> lesbian or gay straight not gay or lesbian straight not gay or lesbian straig
> ht not gay or lesbian straight not gay or lesbian straight not gay or lesbian
>  straight not gay or lesbian lesbian or gay straight not gay or lesbian strai
> ght not gay or lesbian asexual straight not gay or lesbian  straight not gay 
> or lesbian straight not gay or lesbian  lesbian or gay straight not gay or le
> sbian  prefer not to say straight not gay or lesbian straight not gay or lesb
> ian bisexual straight not gay or lesbian straight not gay or lesbian straight
>  not gay or lesbian straight not gay or lesbian   straight not gay or lesbian
>  straight not gay or lesbian straight not gay or lesbian straight not gay or 
> lesbian straight not gay or lesbian bisexual  bisexual bisexual straight not 
> gay or lesbian bisexual prefer not to say bisexual  straight not gay or lesbi
> an straight not gay or lesbian straight not gay or lesbian bisexual straight 
> not gay or lesbian bisexual straight not gay or lesbian straight not gay or l
> esbian bisexual straight not gay or lesbian straight not gay or lesbian strai
> ght not gay or lesbian straight not gay or lesbian  straight not gay or lesbi
> an straight not gay or lesbian bisexual  straight not gay or lesbian  straigh
> t not gay or lesbian straight not gay or lesbian bisexual straight not gay or
>  lesbian straight not gay or lesbian straight not gay or lesbian straight not
>  gay or lesbian straight not gay or lesbian  asexual and queer  straight not 
> gay or lesbian straight not gay or lesbian asexual straight not gay or lesbia
> n asexual straight not gay or lesbian straight not gay or lesbian straight no
> t gay or lesbian straight not gay or lesbian prefer not to say straight not g
> ay or lesbian  straight not gay or lesbian straight not gay or lesbian straig
> ht not gay or lesbian straight not gay or lesbian straight not gay or lesbian
>  straight not gay or lesbian lesbian or gay  straight not gay or lesbian stra
> ight not gay or lesbian  straight not gay or lesbian bisexual  straight not g
> ay or lesbian straight not gay or lesbian straight not gay or lesbian bisexua
> l bisexual  straight not gay or lesbian straight not gay or lesbian pansexual
>  straight not gay or lesbian  bisexual pan  demi  straight not gay or lesbian
>   straight not gay or lesbian straight not gay or lesbian straight not gay or
>  lesbian lesbian or gay straight not gay or lesbian straight not gay or lesbi
> an  straight not gay or lesbian lesbian or gay lesbian or gay straight not ga
> y or lesbian  who even knows but its not straight straight not gay or lesbian
>   bisexual straight not gay or lesbian asexual straight not gay or lesbian  s
> traight not gay or lesbian straight not gay or lesbian bisexual straight not 
> gay or lesbian lesbian or gay lesbian or gay straight not gay or lesbian stra
> ight not gay or lesbian straight not gay or lesbian straight not gay or lesbi
> an straight not gay or lesbian straight not gay or lesbian straight not gay o
> r lesbian  prefer not to say prefer not to say  straight not gay or lesbian s
> traight not gay or lesbian straight not gay or lesbian straight not gay or le
> sbian prefer not to say bisexual straight not gay or lesbian straight not gay
>  or lesbian prefer not to say straight not gay or lesbian bisexual straight n
> ot gay or lesbian straight not gay or lesbian straight not gay or lesbian str
> aight not gay or lesbian straight not gay or lesbian   prefer not to say   st
> raight not gay or lesbian bisexual prefer not to say asexual straight not gay
>  or lesbian bisexual bisexual straight not gay or lesbian  prefer not to say 
> straight not gay or lesbian  bisexual straight not gay or lesbian straight no
> t gay or lesbian bisexual asexual asexual straight not gay or lesbian straigh
> t not gay or lesbian straight not gay or lesbian bisexual prefer not to say s
> traight not gay or lesbian straight not gay or lesbian  asexual  bisexual str
> aight not gay or lesbian straight not gay or lesbian straight not gay or lesb
> ian  straight not gay or lesbian straight not gay or lesbian straight not gay
>  or lesbian straight not gay or lesbian  bisexual straight not gay or lesbian
>  straight not gay or lesbian straight not gay or lesbian  straight not gay or
>  lesbian straight not gay or lesbian prefer not to say straight not gay or le
> sbian  bisexual bisexual prefer not to say   straight not gay or lesbian stra
> ight not gay or lesbian straight not gay or lesbian straight not gay or lesbi
> an straight not gay or lesbian straight not gay or lesbian straight not gay o
> r lesbian straight not gay or lesbian straight not gay or lesbian bisexual st
> raight not gay or lesbian  straight not gay or lesbian straight not gay or le
> sbian straight not gay or lesbian   straight not gay or lesbian bisexual stra
> ight not gay or lesbian straight not gay or lesbian bisexual straight not gay
>  or lesbian straight not gay or lesbian straight not gay or lesbian straight 
> not gay or lesbian  straight not gay or lesbian straight not gay or lesbian s
> traight not gay or lesbian  bisexual prefer not to say straight not gay or le
> sbian prefer not to say straight not gay or lesbian straight not gay or lesbi
> an asexual straight not gay or lesbian straight not gay or lesbian straight n
> ot gay or lesbian  straight not gay or lesbian bisexual pansexual straight no
> t gay or lesbian straight not gay or lesbian straight not gay or lesbian  str
> aight not gay or lesbian  straight not gay or lesbian straight not gay or les
> bian straight not gay or lesbian lesbian or gay bisexual straight not gay or 
> lesbian straight not gay or lesbian bisexual bisexual      straight not gay o
> r lesbian  straight not gay or lesbian straight not gay or lesbian prefer not
>  to say prefer not to say   bisexual straight not gay or lesbian straight not
>  gay or lesbian straight not gay or lesbian straight not gay or lesbian strai
> ght not gay or lesbian straight not gay or lesbian straight not gay or lesbia
> n straight not gay or lesbian straight not gay or lesbian straight not gay or
>  lesbian straight not gay or lesbian pansexual prefer not to say straight not
>  gay or lesbian  asexual straight not gay or lesbian  straight not gay or les
> bian straight not gay or lesbian straight not gay or lesbian straight not gay
>  or lesbian straight not gay or lesbian straight not gay or lesbian straight 
> not gay or lesbian bisexual pansexual straight not gay or lesbian straight no
> t gay or lesbian straight not gay or lesbian straight not gay or lesbian  str
> aight not gay or lesbian prefer not to say   straight not gay or lesbian  str
> aight not gay or lesbian straight not gay or lesbian lesbian or gay bisexual 
> prefer not to say prefer not to say straight not gay or lesbian  straight not
>  gay or lesbian straight not gay or lesbian prefer not to say straight not ga
> y or lesbian bisexual straight not gay or lesbian straight not gay or lesbian
>  straight not gay or lesbian straight not gay or lesbian bisexual   lesbian o
> r gay straight not gay or lesbian straight not gay or lesbian prefer not to s
> ay prefer not to say straight not gay or lesbian straight not gay or lesbian 
> straight not gay or lesbian straight not gay or lesbian  prefer not to say bi
> sexual straight not gay or lesbian straight not gay or lesbian  bisexual pref
> er not to say straight not gay or lesbian lesbian or gay  straight not gay or
>  lesbian straight not gay or lesbian straight not gay or lesbian lesbian or g
> ay straight not gay or lesbian straight not gay or lesbian straight not gay o
> r lesbian straight not gay or lesbian  straight not gay or lesbian nobodys bu
> siness but mine not at all relevant to anyones college experience straight no
> t gay or lesbian straight not gay or lesbian  prefer not to say straight not 
> gay or lesbian straight not gay or lesbian  straight not gay or lesbian prefe
> r not to say  straight not gay or lesbian asexual and demiromantic bisexual  
> straight not gay or lesbian bisexual straight not gay or lesbian prefer not t
> o say  straight not gay or lesbian straight not gay or lesbian lesbian or gay
>  straight not gay or lesbian straight not gay or lesbian  straight not gay or
>  lesbian straight not gay or lesbian straight not gay or lesbian straight not
>  gay or lesbian bisexual straight not gay or lesbian bisexual straight not ga
> y or lesbian straight not gay or lesbian straight not gay or lesbian straight
>  not gay or lesbian  straight not gay or lesbian straight not gay or lesbian 
>  bisexual bisexual   straight not gay or lesbian straight not gay or lesbian 
> straight not gay or lesbian straight not gay or lesbian prefer not to say str
> aight not gay or lesbian pansexual prefer not to say  straight not gay or les
> bian straight not gay or lesbian lesbian or gay straight not gay or lesbian s
> traight not gay or lesbian bisexual queer bisexual straight not gay or lesbia
> n lesbian or gay  straight not gay or lesbian straight not gay or lesbian str
> aight not gay or lesbian straight not gay or lesbian straight not gay or lesb
> ian straight not gay or lesbian straight not gay or lesbian straight not gay 
> or lesbian     straight not gay or lesbian straight not gay or lesbian bisexu
> al straight not gay or lesbian straight not gay or lesbian bisexual straight 
> not gay or lesbian straight not gay or lesbian straight not gay or lesbian bi
> sexual  straight not gay or lesbian straight not gay or lesbian  straight not
>  gay or lesbian straight not gay or lesbian  straight not gay or lesbian stra
> ight not gay or lesbian bisexual straight not gay or lesbian prefer not to sa
> y straight not gay or lesbian straight not gay or lesbian prefer not to say a
> sexual straight not gay or lesbian straight not gay or lesbian  bisexual stra
> ight not gay or lesbian  asexual prefer not to say straight not gay or lesbia
> n straight not gay or lesbian straight not gay or lesbian bisexual straight n
> ot gay or lesbian straight not gay or lesbian lesbian or gay straight not gay
>  or lesbian straight not gay or lesbian bisexual straight not gay or lesbian 
>   straight not gay or lesbian bisexual  straight not gay or lesbian straight 
> not gay or lesbian straight not gay or lesbian  straight not gay or lesbian s
> traight not gay or lesbian straight not gay or lesbian lesbian or gay straigh
> t not gay or lesbian  bisexual straight not gay or lesbian straight not gay o
> r lesbian straight not gay or lesbian  asexual asexual  straight not gay or l
> esbian asexual  straight not gay or lesbian lesbian or gay  lesbian or gay st
> raight not gay or lesbian bisexual straight not gay or lesbian prefer not to 
> say straight not gay or lesbian bisexual straight not gay or lesbian straight
>  not gay or lesbian straight not gay or lesbian straight not gay or lesbian s
> traight not gay or lesbian straight not gay or lesbian straight not gay or le
> sbian lesbian or gay  straight not gay or lesbian  straight not gay or lesbia
> n straight not gay or lesbian  bisexual   straight not gay or lesbian straigh
> t not gay or lesbian prefer not to say straight not gay or lesbian straight n
> ot gay or lesbian   prefer not to say prefer not to say straight not gay or l
> esbian straight not gay or lesbian straight not gay or lesbian  straight not 
> gay or lesbian  straight not gay or lesbian straight not gay or lesbian strai
> ght not gay or lesbian straight not gay or lesbian   lesbian or gay straight 
> not gay or lesbian straight not gay or lesbian  straight not gay or lesbian s
> traight not gay or lesbian straight not gay or lesbian straight not gay or le
> sbian    bisexual straight not gay or lesbian lesbian or gay straight not gay
>  or lesbian straight not gay or lesbian straight not gay or lesbian  straight
>  not gay or lesbian prefer not to say straight not gay or lesbian straight no
> t gay or lesbian straight not gay or lesbian straight not gay or lesbian bise
> xual straight not gay or lesbian  straight not gay or lesbian straight not ga
> y or lesbian straight not gay or lesbian straight not gay or lesbian straight
>  not gay or lesbian straight not gay or lesbian straight not gay or lesbian n
> ot labeled straight not gay or lesbian straight not gay or lesbian lesbian or
>  gay straight not gay or lesbian bisexual straight not gay or lesbian bisexua
> l straight not gay or lesbian  straight not gay or lesbian straight not gay o
> r lesbian   straight not gay or lesbian straight not gay or lesbian straight 
> not gay or lesbian straight not gay or lesbian straight not gay or lesbian  p
> ansexual bisexual   bisexual straight not gay or lesbian aroacr   bisexual st
> raight not gay or lesbian asexual straight not gay or lesbian  straight not g
> ay or lesbian straight not gay or lesbian bisexual straight not gay or lesbia
> n  straight not gay or lesbian straight not gay or lesbian lesbian or gay str
> aight not gay or lesbian bisexual straight not gay or lesbian straight not ga
> y or lesbian  straight not gay or lesbian prefer not to say lesbian or gay bi
> sexual prefer not to say straight not gay or lesbian bisexual prefer not to s
> ay asexual bisexual straight not gay or lesbian straight not gay or lesbian b
> isexual straight not gay or lesbian straight not gay or lesbian  straight not
>  gay or lesbian straight not gay or lesbian straight not gay or lesbian  asex
> ual straight not gay or lesbian straight not gay or lesbian  bisexual straigh
> t not gay or lesbian straight not gay or lesbian bisexual straight not gay or
>  lesbian straight not gay or lesbian  straight not gay or lesbian biromantic 
> demisexual  prefer not to say straight not gay or lesbian  straight not gay o
> r lesbian bisexual  straight not gay or lesbian bisexual straight not gay or 
> lesbian straight not gay or lesbian straight not gay or lesbian bisexual  str
> aight not gay or lesbian straight not gay or lesbian straight not gay or lesb
> ian bisexual pansexual straight not gay or lesbian prefer not to say straight
>  not gay or lesbian straight not gay or lesbian straight not gay or lesbian s
> traight not gay or lesbian straight not gay or lesbian    prefer not to say  
> straight not gay or lesbian bisexual  straight not gay or lesbian straight no
> t gay or lesbian straight not gay or lesbian asexual straight not gay or lesb
> ian straight not gay or lesbian straight not gay or lesbian pansexual straigh
> t not gay or lesbian straight not gay or lesbian straight not gay or lesbian 
> straight not gay or lesbian straight not gay or lesbian straight not gay or l
> esbian straight not gay or lesbian straight not gay or lesbian straight not g
> ay or lesbian  bisexual straight not gay or lesbian straight not gay or lesbi
> an straight not gay or lesbian straight not gay or lesbian straight not gay o
> r lesbian straight not gay or lesbian straight not gay or lesbian bisexual st
> raight not gay or lesbian straight not gay or lesbian straight not gay or les
> bian straight not gay or lesbian queer straight not gay or lesbian straight n
> ot gay or lesbian straight not gay or lesbian straight not gay or lesbian bis
> exual i do not label myself pansexual straight not gay or lesbian bisexual pr
> efer not to say asexual prefer not to say  straight not gay or lesbian straig
> ht not gay or lesbian straight not gay or lesbian lesbian or gay straight not
>  gay or lesbian   hate labels prefer not to say   prefer not to say  straight
>  not gay or lesbian straight not gay or lesbian straight not gay or lesbian b
> isexual straight not gay or lesbian bisexual straight not gay or lesbian   bi
> sexual straight not gay or lesbian  lesbian or gay straight not gay or lesbia
> n straight not gay or lesbian straight not gay or lesbian  straight not gay o
> r lesbian lesbian or gay prefer not to say prefer not to say demisexual strai
> ght not gay or lesbian straight not gay or lesbian prefer not to say bisexual
>  straight not gay or lesbian  bicurious    straight not gay or lesbian straig
> ht not gay or lesbian straight not gay or lesbian  straight not gay or lesbia
> n   bisexual straight not gay or lesbian  straight not gay or lesbian  straig
> ht not gay or lesbian straight not gay or lesbian lesbian or gay straight not
>  gay or lesbian straight not gay or lesbian straight not gay or lesbian strai
> ght not gay or lesbian straight not gay or lesbian straight not gay or lesbia
> n straight not gay or lesbian  straight not gay or lesbian straight not gay o
> r lesbian  straight not gay or lesbian straight not gay or lesbian straight n
> ot gay or lesbian straight not gay or lesbian straight not gay or lesbian pre
> fer not to say straight not gay or lesbian   straight not gay or lesbian  str
> aight not gay or lesbian straight not gay or lesbian  straight not gay or les
> bian  straight not gay or lesbian straight not gay or lesbian   straight not 
> gay or lesbian straight not gay or lesbian straight not gay or lesbian straig
> ht not gay or lesbian straight not gay or lesbian straight not gay or lesbian
>  asexual straight not gay or lesbian straight not gay or lesbian straight not
>  gay or lesbian  straight not gay or lesbian straight not gay or lesbian stra
> ight not gay or lesbian straight not gay or lesbian bisexual straight not gay
>  or lesbian prefer not to say straight not gay or lesbian straight not gay or
>  lesbian   straight not gay or lesbian straight not gay or lesbian  straight 
> not gay or lesbian straight not gay or lesbian  straight not gay or lesbian s
> traight not gay or lesbian straight not gay or lesbian  straight not gay or l
> esbian straight not gay or lesbian straight not gay or lesbian straight not g
> ay or lesbian straight not gay or lesbian straight not gay or lesbian straigh
> t not gay or lesbian prefer not to say bisexual straight not gay or lesbian  
> straight not gay or lesbian straight not gay or lesbian straight not gay or l
> esbian bisexual straight not gay or lesbian prefer not to say  lesbian or gay
>  straight not gay or lesbian queer straight not gay or lesbian   asexual asex
> ual asexual straight not gay or lesbian straight not gay or lesbian straight 
> not gay or lesbian straight not gay or lesbian omnisexual straight not gay or
>  lesbian bisexual  lesbian or gay  bisexual   straight not gay or lesbian str
> aight not gay or lesbian asexual straight not gay or lesbian prefer not to sa
> y bisexual  straight not gay or lesbian straight not gay or lesbian straight 
> not gay or lesbian straight not gay or lesbian straight not gay or lesbian   
>  straight not gay or lesbian  bisexual straight not gay or lesbian im not sur
> e yet but i know im some type of gay straight not gay or lesbian straight not
>  gay or lesbian straight not gay or lesbian straight not gay or lesbian strai
> ght not gay or lesbian straight not gay or lesbian straight not gay or lesbia
> n lesbian or gay straight not gay or lesbian bisexual straight not gay or les
> bian  bisexual straight not gay or lesbian straight not gay or lesbian  strai
> ght not gay or lesbian prefer not to say straight not gay or lesbian straight
>  not gay or lesbian prefer not to say  straight not gay or lesbian straight n
> ot gay or lesbian bisexual   straight not gay or lesbian straight not gay or 
> lesbian straight not gay or lesbian straight not gay or lesbian straight not 
> gay or lesbian   straight not gay or lesbian  straight not gay or lesbian str
> aight not gay or lesbian prefer not to say  straight not gay or lesbian prefe
> r not to say straight not gay or lesbian straight not gay or lesbian straight
>  not gay or lesbian straight not gay or lesbian straight not gay or lesbian  
> straight not gay or lesbian  straight not gay or lesbian   straight not gay o
> r lesbian  straight not gay or lesbian straight not gay or lesbian straight n
> ot gay or lesbian straight not gay or lesbian straight not gay or lesbian pan
> sexual bisexual lesbian or gay   straight not gay or lesbian   straight not g
> ay or lesbian straight not gay or lesbian straight not gay or lesbian  straig
> ht not gay or lesbian  straight not gay or lesbian  straight not gay or lesbi
> an  straight not gay or lesbian asexual straight not gay or lesbian  straight
>  not gay or lesbian straight not gay or lesbian bisexual straight not gay or 
> lesbian big titty jews straight not gay or lesbian straight not gay or lesbia
> n straight not gay or lesbian straight not gay or lesbian   straight not gay 
> or lesbian  straight not gay or lesbian straight not gay or lesbian bisexual 
> straight not gay or lesbian straight not gay or lesbian  prefer not to say st
> raight not gay or lesbian    straight not gay or lesbian straight not gay or 
> lesbian asexual straight not gay or lesbian straight not gay or lesbian strai
> ght not gay or lesbian straight not gay or lesbian straight not gay or lesbia
> n straight not gay or lesbian   straight not gay or lesbian straight not gay 
> or lesbian straight not gay or lesbian straight not gay or lesbian straight n
> ot gay or lesbian straight not gay or lesbian straight not gay or lesbian str
> aight not gay or lesbian    bisexual straight not gay or lesbian  straight no
> t gay or lesbian straight not gay or lesbian prefer not to say  bisexual stra
> ight not gay or lesbian straight not gay or lesbian straight not gay or lesbi
> an  straight not gay or lesbian  straight not gay or lesbian straight not gay
>  or lesbian lesbian or gay straight not gay or lesbian bisexual prefer not to
>  say prefer not to say straight not gay or lesbian straight not gay or lesbia
> n straight not gay or lesbian straight not gay or lesbian bisexual straight n
> ot gay or lesbian straight not gay or lesbian prefer not to say straight not 
> gay or lesbian  straight not gay or lesbian straight not gay or lesbian strai
> ght not gay or lesbian straight not gay or lesbian straight not gay or lesbia
> n bisexual  straight not gay or lesbian straight not gay or lesbian straight 
> not gay or lesbian straight not gay or lesbian straight not gay or lesbian  s
> traight not gay or lesbian straight not gay or lesbian prefer not to say stra
> ight not gay or lesbian straight not gay or lesbian bisexual bisexual heteros
> exual straight not gay or lesbian  straight not gay or lesbian bisexual strai
> ght not gay or lesbian straight not gay or lesbian bisexual straight not gay 
> or lesbian straight not gay or lesbian straight not gay or lesbian straight n
> ot gay or lesbian straight not gay or lesbian straight not gay or lesbian str
> aight not gay or lesbian straight not gay or lesbian  straight not gay or les
> bian queer straight not gay or lesbian straight not gay or lesbian straight n
> ot gay or lesbian asexual straight not gay or lesbian bisexual straight not g
> ay or lesbian bisexual prefer not to say straight not gay or lesbian bisexual
>    straight not gay or lesbian straight not gay or lesbian straight not gay o
> r lesbian straight not gay or lesbian straight not gay or lesbian straight no
> t gay or lesbian straight not gay or lesbian bisexual prefer not to say strai
> ght not gay or lesbian straight not gay or lesbian straight not gay or lesbia
> n  straight not gay or lesbian lesbian or gay straight not gay or lesbian   s
> traight not gay or lesbian  bisexual  straight not gay or lesbian straight no
> t gay or lesbian bisexual straight not gay or lesbian bisexual  straight not 
> gay or lesbian straight not gay or lesbian straight not gay or lesbian  bisex
> ual straight not gay or lesbian straight not gay or lesbian  straight not gay
>  or lesbian straight not gay or lesbian straight not gay or lesbian     strai
> ght not gay or lesbian  straight not gay or lesbian pansexual bisexual lesbia
> n or gay straight not gay or lesbian  straight not gay or lesbian prefer not 
> to say  straight not gay or lesbian  straight not gay or lesbian straight not
>  gay or lesbian bisexual straight not gay or lesbian straight not gay or lesb
> ian straight not gay or lesbian  bisexual straight not gay or lesbian straigh
> t not gay or lesbian lesbian or gay straight not gay or lesbian straight not 
> gay or lesbian prefer not to say  straight not gay or lesbian   straight not 
> gay or lesbian lesbian or gay straight not gay or lesbian straight not gay or
>  lesbian  straight not gay or lesbian  bisexual  queer lesbian or gay straigh
> t not gay or lesbian straight not gay or lesbian     straight not gay or lesb
> ian straight not gay or lesbian bisexual straight not gay or lesbian bisexual
>  straight not gay or lesbian lesbian or gay straight not gay or lesbian   str
> aight not gay or lesbian lesbian or gay straight not gay or lesbian prefer no
> t to say  prefer not to say queer straight not gay or lesbian straight not ga
> y or lesbian straight not gay or lesbian bisexual straight not gay or lesbian
>   straight not gay or lesbian prefer not to say bisexual straight not gay or 
> lesbian  bisexual straight not gay or lesbian  bisexual straight not gay or l
> esbian   asexual straight not gay or lesbian straight not gay or lesbian pans
> exual straight not gay or lesbian straight not gay or lesbian straight not ga
> y or lesbian     straight not gay or lesbian straight not gay or lesbian  les
> bian or gay  bisexual  bisexual straight not gay or lesbian prefer not to say
>  straight not gay or lesbian bisexual prefer not to say straight not gay or l
> esbian  straight not gay or lesbian  bisexual straight not gay or lesbian str
> aight not gay or lesbian  straight not gay or lesbian straight not gay or les
> bian   straight not gay or lesbian   bisexual straight not gay or lesbian  st
> raight not gay or lesbian straight not gay or lesbian straight not gay or les
> bian straight not gay or lesbian straight not gay or lesbian  bisexual  strai
> ght not gay or lesbian prefer not to say     prefer not to say prefer not to 
> say straight not gay or lesbian straight not gay or lesbian bisexual bisexual
>  lesbian or gay  straight not gay or lesbian straight not gay or lesbian lesb
> ian or gay straight not gay or lesbian straight not gay or lesbian straight n
> ot gay or lesbian lesbian or gay straight not gay or lesbian straight not gay
>  or lesbian straight not gay or lesbian  straight not gay or lesbian  straigh
> t not gay or lesbian straight not gay or lesbian  straight not gay or lesbian
>  bisexual prefer not to say straight not gay or lesbian     bisexual straight
>  not gay or lesbian straight not gay or lesbian straight not gay or lesbian s
> traight not gay or lesbian  straight not gay or lesbian straight not gay or l
> esbian straight not gay or lesbian straight not gay or lesbian straight not g
> ay or lesbian  straight not gay or lesbian straight not gay or lesbian straig
> ht not gay or lesbian prefer not to say straight not gay or lesbian straight 
> not gay or lesbian straight not gay or lesbian bisexual straight not gay or l
> esbian aromantic asexual  straight not gay or lesbian straight not gay or les
> bian straight not gay or lesbian straight not gay or lesbian bisexual straigh
> t not gay or lesbian straight not gay or lesbian straight not gay or lesbian 
> straight not gay or lesbian straight not gay or lesbian straight not gay or l
> esbian straight not gay or lesbian bisexual straight not gay or lesbian strai
> ght not gay or lesbian straight not gay or lesbian  straight not gay or lesbi
> an   queer straight not gay or lesbian straight not gay or lesbian straight n
> ot gay or lesbian straight not gay or lesbian asexual straight not gay or les
> bian i am a minor you should not be asking sexual questions to minors straigh
> t not gay or lesbian straight not gay or lesbian straight not gay or lesbian 
> straight not gay or lesbian straight not gay or lesbian asexual straight not 
> gay or lesbian straight not gay or lesbian straight not gay or lesbian straig
> ht not gay or lesbian    straight not gay or lesbian straight not gay or lesb
> ian prefer not to say  straight not gay or lesbian straight not gay or lesbia
> n straight not gay or lesbian straight not gay or lesbian lesbian or gay stra
> ight not gay or lesbian prefer not to say bisexual this should not be a quest
> ion straight not gay or lesbian straight not gay or lesbian   straight not ga
> y or lesbian straight not gay or lesbian straight not gay or lesbian straight
>  not gay or lesbian straight not gay or lesbian straight not gay or lesbian s
> traight not gay or lesbian bisexual straight not gay or lesbian  straight not
>  gay or lesbian  straight not gay or lesbian prefer not to say straight not g
> ay or lesbian bisexual straight not gay or lesbian bisexual bisexual  straigh
> t not gay or lesbian  straight not gay or lesbian straight not gay or lesbian
>  lesbian or gay  straight not gay or lesbian straight not gay or lesbian bise
> xual straight not gay or lesbian straight not gay or lesbian straight not gay
>  or lesbian  straight not gay or lesbian  straight not gay or lesbian straigh
> t not gay or lesbian  cant tell if im really straight or bisexual pansexual s
> traight not gay or lesbian straight not gay or lesbian straight not gay or le
> sbian lesbian or gay straight not gay or lesbian straight not gay or lesbian 
> bisexual  prefer not to say straight not gay or lesbian  bisexual straight no
> t gay or lesbian    straight not gay or lesbian  straight not gay or lesbian 
>  straight not gay or lesbian prefer not to say straight not gay or lesbian st
> raight not gay or lesbian straight not gay or lesbian   straight not gay or l
> esbian prefer not to say straight not gay or lesbian straight not gay or lesb
> ian straight not gay or lesbian straight not gay or lesbian straight not gay 
> or lesbian lesbian or gay straight not gay or lesbian straight not gay or les
> bian   straight not gay or lesbian bisexual straight not gay or lesbian bisex
> ual straight not gay or lesbian straight not gay or lesbian straight not gay 
> or lesbian straight not gay or lesbian prefer not to say prefer not to say st
> raight not gay or lesbian lesbian or gay straight not gay or lesbian straight
>  not gay or lesbian straight not gay or lesbian straight not gay or lesbian q
> ueer prefer not to say straight not gay or lesbian straight not gay or lesbia
> n straight not gay or lesbian straight not gay or lesbian  straight not gay o
> r lesbian straight not gay or lesbian  straight not gay or lesbian straight n
> ot gay or lesbian bisexual straight not gay or lesbian straight not gay or le
> sbian   bisexual straight not gay or lesbian lesbian or gay straight not gay 
> or lesbian straight not gay or lesbian straight not gay or lesbian    bisexua
> l prefer not to say  straight not gay or lesbian straight not gay or lesbian 
> straight not gay or lesbian  straight not gay or lesbian straight not gay or 
> lesbian straight not gay or lesbian bisexual  straight not gay or lesbian str
> aight not gay or lesbian straight not gay or lesbian  straight not gay or les
> bian  straight not gay or lesbian    bisexual straight not gay or lesbian les
> bian or gay straight not gay or lesbian straight not gay or lesbian   straigh
> t not gay or lesbian pansexual   straight not gay or lesbian straight not gay
>  or lesbian lesbian or gay straight not gay or lesbian straight not gay or le
> sbian   straight not gay or lesbian  prefer not to say straight not gay or le
> sbian straight not gay or lesbian straight not gay or lesbian straight not ga
> y or lesbian asexual straight not gay or lesbian prefer not to say  bisexual 
>  bisexual straight not gay or lesbian bisexual straight not gay or lesbian st
> raight not gay or lesbian straight not gay or lesbian straight not gay or les
> bian straight not gay or lesbian straight not gay or lesbian straight not gay
>  or lesbian straight not gay or lesbian  straight not gay or lesbian straight
>  not gay or lesbian bisexual straight not gay or lesbian  straight not gay or
>  lesbian   bisexual  asexual bisexual  pansexual  straight not gay or lesbian
>  straight not gay or lesbian straight not gay or lesbian straight not gay or 
> lesbian straight not gay or lesbian straight not gay or lesbian straight not 
> gay or lesbian straight not gay or lesbian bisexual straight not gay or lesbi
> an straight not gay or lesbian bisexual prefer not to say bisexual straight n
> ot gay or lesbian    straight not gay or lesbian  straight not gay or lesbian
>  straight not gay or lesbian straight not gay or lesbian straight not gay or 
> lesbian bisexual prefer not to say straight not gay or lesbian  straight not 
> gay or lesbian bisexual  straight not gay or lesbian prefer not to say bisexu
> al straight not gay or lesbian straight not gay or lesbian straight not gay o
> r lesbian prefer not to say bisexual straight not gay or lesbian straight not
>  gay or lesbian straight not gay or lesbian straight not gay or lesbian strai
> ght not gay or lesbian straight not gay or lesbian prefer not to say  prefer 
> not to say straight not gay or lesbian straight not gay or lesbian straight n
> ot gay or lesbian asexual bisexual straight not gay or lesbian bisexual strai
> ght not gay or lesbian  straight not gay or lesbian asexual straight not gay 
> or lesbian prefer not to say prefer not to say straight not gay or lesbian st
> raight not gay or lesbian straight not gay or lesbian straight not gay or les
> bian bisexual straight not gay or lesbian bisexual straight not gay or lesbia
> n  straight not gay or lesbian straight not gay or lesbian prefer not to say 
> straight not gay or lesbian bisexual straight not gay or lesbian straight not
>  gay or lesbian  straight not gay or lesbian straight not gay or lesbian  bis
> exual bisexual straight not gay or lesbian prefer not to say straight not gay
>  or lesbian bisexual straight not gay or lesbian straight not gay or lesbian 
> straight not gay or lesbian straight not gay or lesbian prefer not to say  bi
> sexual  straight not gay or lesbian  straight not gay or lesbian straight not
>  gay or lesbian prefer not to say straight not gay or lesbian straight not ga
> y or lesbian  straight not gay or lesbian  prefer not to say  straight not ga
> y or lesbian bisexual straight not gay or lesbian lesbian or gay straight not
>  gay or lesbian straight not gay or lesbian lesbian or gay  straight not gay 
> or lesbian  straight not gay or lesbian prefer not to say straight not gay or
>  lesbian straight not gay or lesbian bisexual straight not gay or lesbian str
> aight not gay or lesbian straight not gay or lesbian straight not gay or lesb
> ian straight not gay or lesbian straight not gay or lesbian straight not gay 
> or lesbian bisexual bisexual prefer not to say straight not gay or lesbian st
> raight not gay or lesbian pansexual  bisexual  straight not gay or lesbian st
> raight not gay or lesbian straight not gay or lesbian bisexual   straight not
>  gay or lesbian straight not gay or lesbian straight not gay or lesbian bisex
> ual straight not gay or lesbian bisexual bisexual straight not gay or lesbian
>  straight not gay or lesbian straight not gay or lesbian straight not gay or 
> lesbian straight not gay or lesbian straight not gay or lesbian bisexual stra
> ight not gay or lesbian bisexual straight not gay or lesbian prefer not to sa
> y not straight but i also dont care about labels pansexual straight not gay o
> r lesbian straight not gay or lesbian  prefer not to say bisexual straight no
> t gay or lesbian straight not gay or lesbian straight not gay or lesbian stra
> ight not gay or lesbian straight not gay or lesbian  straight not gay or lesb
> ian prefer not to say straight not gay or lesbian prefer not to say straight 
> not gay or lesbian prefer not to say straight not gay or lesbian straight not
>  gay or lesbian prefer not to say straight not gay or lesbian straight not ga
> y or lesbian  straight not gay or lesbian bisexual none apply to me straight 
> not gay or lesbian straight not gay or lesbian straight not gay or lesbian  s
> traight not gay or lesbian straight not gay or lesbian straight not gay or le
> sbian prefer not to say prefer not to say straight not gay or lesbian straigh
> t not gay or lesbian bisexual lesbian or gay lesbian or gay straight not gay 
> or lesbian lesbian or gay straight not gay or lesbian straight not gay or les
> bian straight not gay or lesbian      straight not gay or lesbian            
> straight not gay or lesbian         straight not gay or lesbian   straight no
> t gay or lesbian        asexual         prefer not to say straight not gay or
>  lesbian   straight not gay or lesbian       straight not gay or lesbian     
>       bisexual  straight not gay or lesbian  straight not gay or lesbian     
>            bisexual  straight not gay or lesbian      straight not gay or les
> bian      straight not gay or lesbian                straight not gay or lesb
> ian         straight not gay or lesbian         prefer not to say straight no
> t gay or lesbian straight not gay or lesbian                      bisexual   
>     straight not gay or lesbian     straight not gay or lesbian              
>                      straight not gay or lesbian straight not gay or lesbian 
>     straight not gay or lesbian   asexual             straight not gay or les
> bian      lesbian or gay            straight not gay or lesbian     bisexual 
>  straight not gay or lesbian  straight not gay or lesbian straight not gay or
>  lesbian      straight not gay or lesbian straight not gay or lesbian straigh
> t not gay or lesbian straight not gay or lesbian straight not gay or lesbian 
>  straight not gay or lesbian  straight not gay or lesbian     straight not ga
> y or lesbian        bisexual        straight not gay or lesbian    straight n
> ot gay or lesbian  bisexual     lesbian or gay      bisexual straight not gay
>  or lesbian straight not gay or lesbian straight not gay or lesbian straight 
> not gay or lesbian  straight not gay or lesbian     prefer not to say  straig
> ht not gay or lesbian straight not gay or lesbian   straight not gay or lesbi
> an      straight not gay or lesbian  straight not gay or lesbian straight not
>  gay or lesbian straight not gay or lesbian straight not gay or lesbian      
>  straight not gay or lesbian  bisexual straight not gay or lesbian   straight
>  not gay or lesbian   straight not gay or lesbian  lesbian or gay   pansexual
>   bisexual  straight not gay or lesbian  straight not gay or lesbian    strai
> ght not gay or lesbian straight not gay or lesbian straight not gay or lesbia
> n pansexual    straight not gay or lesbian  bisexual       bisexual    straig
> ht not gay or lesbian  prefer not to say prefer not to say bisexual lesbian o
> r gay  straight not gay or lesbian         straight not gay or lesbian  strai
> ght not gay or lesbian straight not gay or lesbian  straight not gay or lesbi
> an straight not gay or lesbian  straight not gay or lesbian straight not gay 
> or lesbian   straight not gay or lesbian  straight not gay or lesbian    stra
> ight not gay or lesbian straight not gay or lesbian straight not gay or lesbi
> an lesbian or gay  lesbian or gay     straight not gay or lesbian    lesbian 
> or gay      straight not gay or lesbian straight not gay or lesbian straight 
> not gay or lesbian  straight not gay or lesbian bisexual       prefer not to 
> say asexual asexual  straight not gay or lesbian straight not gay or lesbian 
>  prefer not to say    straight not gay or lesbian   straight not gay or lesbi
> an straight not gay or lesbian straight not gay or lesbian straight not gay o
> r lesbian bisexual straight not gay or lesbian straight not gay or lesbian bi
> sexual   prefer not to say   straight not gay or lesbian  straight not gay or
>  lesbian  straight not gay or lesbian   lesbian or gay straight not gay or le
> sbian   straight not gay or lesbian straight not gay or lesbian bisexual stra
> ight not gay or lesbian idk straight not gay or lesbian bisexual and aromanti
> c   straight not gay or lesbian    straight not gay or lesbian   straight not
>  gay or lesbian  bisexual straight not gay or lesbian straight not gay or les
> bian straight not gay or lesbian straight not gay or lesbian bisexual   strai
> ght not gay or lesbian straight not gay or lesbian  straight not gay or lesbi
> an   straight not gay or lesbian   straight not gay or lesbian bisexual strai
> ght not gay or lesbian straight not gay or lesbian straight not gay or lesbia
> n no label straight not gay or lesbian  straight not gay or lesbian straight 
> not gay or lesbian straight not gay or lesbian  prefer not to say  prefer not
>  to say   straight not gay or lesbian  straight not gay or lesbian     straig
> ht not gay or lesbian   straight not gay or lesbian lesbian or gay straight n
> ot gay or lesbian   straight not gay or lesbian bisexual straight not gay or 
> lesbian    prefer not to say bisexual  straight not gay or lesbian   prefer n
> ot to say  straight not gay or lesbian straight not gay or lesbian straight n
> ot gay or lesbian  bisexual  prefer not to say bisexual  straight not gay or 
> lesbian straight not gay or lesbian  asexual        straight not gay or lesbi
> an  straight not gay or lesbian straight not gay or lesbian   straight not ga
> y or lesbian straight not gay or lesbian straight not gay or lesbian lesbian 
> or gay   straight not gay or lesbian   straight not gay or lesbian      strai
> ght not gay or lesbian bisexual straight not gay or lesbian straight not gay 
> or lesbian   lesbian or gay    straight not gay or lesbian  lesbian or gay   
>     straight not gay or lesbian straight not gay or lesbian straight not gay 
> or lesbian  pansexual everyone   bisexual straight not gay or lesbian    stra
> ight not gay or lesbian straight not gay or lesbian   straight not gay or les
> bian  straight not gay or lesbian   asexual   straight not gay or lesbian str
> aight not gay or lesbian straight not gay or lesbian  straight not gay or les
> bian straight not gay or lesbian pansexual straight not gay or lesbian    str
> aight not gay or lesbian straight not gay or lesbian  on the asexual spectrum
>  and im still figuring out the rest straight not gay or lesbian  straight not
>  gay or lesbian straight not gay or lesbian bisexual straight not gay or lesb
> ian  demisexual  straight not gay or lesbian straight not gay or lesbian stra
> ight not gay or lesbian bisexual  straight not gay or lesbian straight not ga
> y or lesbian straight not gay or lesbian   prefer not to say bisexual straigh
> t not gay or lesbian straight not gay or lesbian straight not gay or lesbian 
> straight not gay or lesbian   straight not gay or lesbian straight not gay or
>  lesbian  straight not gay or lesbian lesbian or gay straight not gay or lesb
> ian straight not gay or lesbian straight not gay or lesbian straight not gay 
> or lesbian bisexual straight not gay or lesbian bisexual  straight not gay or
>  lesbian prefer not to say  straight not gay or lesbian    straight not gay o
> r lesbian bisexual straight not gay or lesbian straight not gay or lesbian st
> raight not gay or lesbian straight not gay or lesbian straight not gay or les
> bian   lesbian or gay straight not gay or lesbian  straight not gay or lesbia
> n  lesbian or gay straight not gay or lesbian   lesbian or gay straight not g
> ay or lesbian not relevant bisexual straight not gay or lesbian straight not 
> gay or lesbian straight not gay or lesbian prefer not to say asexual  straigh
> t not gay or lesbian straight not gay or lesbian straight not gay or lesbian 
> straight not gay or lesbian straight not gay or lesbian straight not gay or l
> esbian straight not gay or lesbian straight not gay or lesbian straight not g
> ay or lesbian straight not gay or lesbian straight not gay or lesbian straigh
> t not gay or lesbian straight not gay or lesbian bisexual lesbian or gay stra
> ight not gay or lesbian straight not gay or lesbian straight not gay or lesbi
> an straight not gay or lesbian straight not gay or lesbian mentally ill peopl
> e god will come and u will receive your punishment straight not gay or lesbia
> n bisexual straight not gay or lesbian straight not gay or lesbian straight n
> ot gay or lesbian straight not gay or lesbian straight not gay or lesbian str
> aight not gay or lesbian straight not gay or lesbian straight not gay or lesb
> ian straight not gay or lesbian   bisexual prefer not to say bisexual straigh
> t not gay or lesbian straight not gay or lesbian straight not gay or lesbian 
> straight not gay or lesbian straight not gay or lesbian bisexual bisexual str
> aight not gay or lesbian straight not gay or lesbian bisexual straight not ga
> y or lesbian  prefer not to say straight not gay or lesbian prefer not to say
>  straight not gay or lesbian straight not gay or lesbian bisexual straight no
> t gay or lesbian bisexual straight not gay or lesbian bisexual straight not g
> ay or lesbian straight not gay or lesbian bisexual straight not gay or lesbia
> n straight not gay or lesbian straight not gay or lesbian straight not gay or
>  lesbian lesbian or gay straight not gay or lesbian straight not gay or lesbi
> an straight not gay or lesbian lesbian or gay straight not gay or lesbian bis
> exual straight not gay or lesbian straight not gay or lesbian straight not ga
> y or lesbian straight not gay or lesbian prefer not to say straight not gay o
> r lesbian straight not gay or lesbian straight not gay or lesbian straight no
> t gay or lesbian straight not gay or lesbian straight not gay or lesbian pref
> er not to say bisexual straight not gay or lesbian prefer not to say bisexual
>  straight not gay or lesbian straight not gay or lesbian straight not gay or 
> lesbian straight not gay or lesbian straight not gay or lesbian straight not 
> gay or lesbian straight not gay or lesbian bisexual straight not gay or lesbi
> an straight not gay or lesbian straight not gay or lesbian straight not gay o
> r lesbian straight not gay or lesbian straight not gay or lesbian straight no
> t gay or lesbian straight not gay or lesbian prefer not to say bisexual asexu
> al straight not gay or lesbian asexual straight not gay or lesbian straight n
> ot gay or lesbian straight not gay or lesbian straight not gay or lesbian str
> aight not gay or lesbian straight not gay or lesbian prefer not to say straig
> ht not gay or lesbian prefer not to say straight not gay or lesbian bisexual 
> bisexual straight not gay or lesbian  bisexual straight not gay or lesbian pr
> efer not to say lesbian or gay straight not gay or lesbian bisexual  straight
>  not gay or lesbian straight not gay or lesbian straight not gay or lesbian s
> traight not gay or lesbian lesbian or gay straight not gay or lesbian bisexua
> l straight not gay or lesbian prefer not to say straight not gay or lesbian  
> bisexual  straight not gay or lesbian bisexual straight not gay or lesbian  s
> traight not gay or lesbian bisexual prefer not to say straight not gay or les
> bian straight not gay or lesbian straight not gay or lesbian straight not gay
>  or lesbian  straight not gay or lesbian bisexual asexual asexual straight no
> t gay or lesbian straight not gay or lesbian   straight not gay or lesbian st
> raight not gay or lesbian straight not gay or lesbian straight not gay or les
> bian questioning straight not gay or lesbian prefer not to say straight not g
> ay or lesbian lesbian or gay straight not gay or lesbian straight not gay or 
> lesbian  straight not gay or lesbian bisexual straight not gay or lesbian str
> aight not gay or lesbian straight not gay or lesbian bisexual prefer not to s
> ay straight not gay or lesbian straight not gay or lesbian straight not gay o
> r lesbian straight not gay or lesbian straight not gay or lesbian straight no
> t gay or lesbian bisexual straight not gay or lesbian straight not gay or les
> bian asexual straight not gay or lesbian lesbian or gay straight not gay or l
> esbian straight not gay or lesbian lesbian or gay bisexual straight not gay o
> r lesbian straight not gay or lesbian bisexual straight not gay or lesbian  s
> traight not gay or lesbian straight not gay or lesbian straight not gay or le
> sbian straight not gay or lesbian straight not gay or lesbian straight not ga
> y or lesbian  straight not gay or lesbian  bisexual straight not gay or lesbi
> an bisexual straight not gay or lesbian straight not gay or lesbian straight 
> not gay or lesbian bisexual  straight not gay or lesbian straight not gay or 
> lesbian prefer not to say straight not gay or lesbian prefer not to say prefe
> r not to say bisexual straight not gay or lesbian straight not gay or lesbian
>    straight not gay or lesbian  bisexual prefer not to say straight not gay o
> r lesbian straight not gay or lesbian straight not gay or lesbian straight no
> t gay or lesbian straight not gay or lesbian straight not gay or lesbian lesb
> ian or gay bisexual straight not gay or lesbian straight not gay or lesbian s
> traight not gay or lesbian straight not gay or lesbian prefer not to say stra
> ight not gay or lesbian straight not gay or lesbian lesbian or gay prefer not
>  to say straight not gay or lesbian straight not gay or lesbian bisexual stra
> ight not gay or lesbian straight not gay or lesbian bisexual prefer not to sa
> y straight not gay or lesbian straight not gay or lesbian bisexual bisexual s
> traight not gay or lesbian straight not gay or lesbian lesbian or gay straigh
> t not gay or lesbian  straight not gay or lesbian lesbian or gay bisexual pan
> sexual straight not gay or lesbian bisexual straight not gay or lesbian strai
> ght not gay or lesbian straight not gay or lesbian straight not gay or lesbia
> n bisexual bisexual bisexual  straight not gay or lesbian straight not gay or
>  lesbian bisexual straight not gay or lesbian straight not gay or lesbian str
> aight not gay or lesbian straight not gay or lesbian straight not gay or lesb
> ian  straight not gay or lesbian straight not gay or lesbian  straight not ga
> y or lesbian  straight not gay or lesbian straight not gay or lesbian  bisexu
> al aromantic asexual bisexual straight not gay or lesbian straight not gay or
>  lesbian straight not gay or lesbian  straight not gay or lesbian straight no
> t gay or lesbian prefer not to say straight not gay or lesbian straight not g
> ay or lesbian bisexual bisexual straight not gay or lesbian bisexual straight
>  not gay or lesbian  straight not gay or lesbian asexualqueer straight not ga
> y or lesbian straight not gay or lesbian straight not gay or lesbian straight
>  not gay or lesbian straight not gay or lesbian straight not gay or lesbian s
> traight not gay or lesbian straight not gay or lesbian straight not gay or le
> sbian  straight not gay or lesbian straight not gay or lesbian straight not g
> ay or lesbian straight not gay or lesbian straight not gay or lesbian bisexua
> l prefer not to say bisexual straight not gay or lesbian straight not gay or 
> lesbian straight not gay or lesbian prefer not to say straight not gay or les
> bian straight not gay or lesbian straight not gay or lesbian straight not gay
>  or lesbian bisexual straight not gay or lesbian straight not gay or lesbian 
> bisexual straight not gay or lesbian straight not gay or lesbian straight not
>  gay or lesbian  straight not gay or lesbian lesbian or gay straight not gay 
> or lesbian  straight not gay or lesbian straight not gay or lesbian straight 
> not gay or lesbian straight not gay or lesbian straight not gay or lesbian st
> raight not gay or lesbian asexual straight not gay or lesbian straight not ga
> y or lesbian straight not gay or lesbian straight not gay or lesbian straight
>  not gay or lesbian prefer not to say straight not gay or lesbian straight no
> t gay or lesbian straight not gay or lesbian straight not gay or lesbian stra
> ight not gay or lesbian prefer not to say bisexual bisexual bisexual straight
>  not gay or lesbian straight not gay or lesbian straight not gay or lesbian  
>  straight not gay or lesbian pansexual straight not gay or lesbian  straight 
> not gay or lesbian straight not gay or lesbian straight not gay or lesbian st
> raight not gay or lesbian bisexual straight not gay or lesbian straight not g
> ay or lesbian straight not gay or lesbian straight not gay or lesbian straigh
> t not gay or lesbian straight not gay or lesbian straight not gay or lesbian 
> straight not gay or lesbian asexual bisexual straight not gay or lesbian pref
> er not to say bisexual straight not gay or lesbian straight not gay or lesbia
> n bisexual straight not gay or lesbian straight not gay or lesbian lesbian or
>  gay straight not gay or lesbian straight not gay or lesbian straight not gay
>  or lesbian straight not gay or lesbian bisexual straight not gay or lesbian 
> straight not gay or lesbian straight not gay or lesbian bisexual straight not
>  gay or lesbian straight not gay or lesbian straight not gay or lesbian strai
> ght not gay or lesbian  bisexual  straight not gay or lesbian straight not ga
> y or lesbian   straight not gay or lesbian asexual straight not gay or lesbia
> n bisexual straight not gay or lesbian straight not gay or lesbian straight n
> ot gay or lesbian lesbian or gay bisexual straight not gay or lesbian straigh
> t not gay or lesbian bisexual prefer not to say straight not gay or lesbian s
> traight not gay or lesbian straight not gay or lesbian straight not gay or le
> sbian straight not gay or lesbian straight not gay or lesbian straight not ga
> y or lesbian bisexual   straight not gay or lesbian bisexual straight not gay
>  or lesbian straight not gay or lesbian bisexual bisexual straight not gay or
>  lesbian straight not gay or lesbian straight not gay or lesbian straight not
>  gay or lesbian straight not gay or lesbian straight not gay or lesbian bisex
> ual straight not gay or lesbian straight not gay or lesbian straight not gay 
> or lesbian straight not gay or lesbian pansexual straight not gay or lesbian 
> bisexual straight not gay or lesbian straight not gay or lesbian prefer not t
> o say bisexual  straight not gay or lesbian straight not gay or lesbian  stra
> ight not gay or lesbian straight not gay or lesbian straight not gay or lesbi
> an  straight not gay or lesbian straight not gay or lesbian straight not gay 
> or lesbian pansexual straight not gay or lesbian straight not gay or lesbian 
> lesbian or gay straight not gay or lesbian straight not gay or lesbian bisexu
> al straight not gay or lesbian straight not gay or lesbian straight not gay o
> r lesbian straight not gay or lesbian straight not gay or lesbian straight no
> t gay or lesbian straight not gay or lesbian straight not gay or lesbian bise
> xual straight not gay or lesbian straight not gay or lesbian bisexual straigh
> t not gay or lesbian bisexual asexual bisexual straight not gay or lesbian bi
> sexual straight not gay or lesbian bisexual straight not gay or lesbian  stra
> ight not gay or lesbian straight not gay or lesbian omnisexual demisexual str
> aight not gay or lesbian straight not gay or lesbian prefer not to say straig
> ht not gay or lesbian straight not gay or lesbian straight not gay or lesbian
>  lesbian or gay  straight not gay or lesbian straight not gay or lesbian stra
> ight not gay or lesbian straight not gay or lesbian straight not gay or lesbi
> an straight not gay or lesbian lesbian or gay straight not gay or lesbian str
> aight not gay or lesbian prefer not to say bisexual  straight not gay or lesb
> ian straight not gay or lesbian lesbian or gay straight not gay or lesbian bi
> sexual straight not gay or lesbian straight not gay or lesbian straight not g
> ay or lesbian asexual straight not gay or lesbian straight not gay or lesbian
>  lesbian or gay straight not gay or lesbian straight not gay or lesbian  stra
> ight not gay or lesbian straight not gay or lesbian straight not gay or lesbi
> an straight not gay or lesbian straight not gay or lesbian straight not gay o
> r lesbian straight not gay or lesbian straight not gay or lesbian straight no
> t gay or lesbian straight not gay or lesbian straight not gay or lesbian pref
> er not to say straight not gay or lesbian straight not gay or lesbian straigh
> t not gay or lesbian straight not gay or lesbian lesbian or gay prefer not to
>  say straight not gay or lesbian straight not gay or lesbian straight not gay
>  or lesbian straight not gay or lesbian straight not gay or lesbian  straight
>  not gay or lesbian lesbian or gay straight not gay or lesbian straight not g
> ay or lesbian  straight not gay or lesbian bisexual lesbian or gay bisexual s
> traight not gay or lesbian bisexual  straight not gay or lesbian prefer not t
> o say bisexual straight not gay or lesbian straight not gay or lesbian prefer
>  not to say straight not gay or lesbian straight not gay or lesbian  straight
>  not gay or lesbian straight not gay or lesbian bisexual   straight not gay o
> r lesbian straight not gay or lesbian straight not gay or lesbian bisexual st
> raight not gay or lesbian straight not gay or lesbian bisexual straight not g
> ay or lesbian straight not gay or lesbian straight not gay or lesbian straigh
> t not gay or lesbian straight not gay or lesbian straight not gay or lesbian 
> bisexual straight not gay or lesbian straight not gay or lesbian prefer not t
> o say lesbian or gay straight not gay or lesbian straight not gay or lesbian 
> lesbian or gay lesbian or gay straight not gay or lesbian straight not gay or
>  lesbian bisexual straight not gay or lesbian straight not gay or lesbian str
> aight not gay or lesbian straight not gay or lesbian straight not gay or lesb
> ian   prefer not to say straight not gay or lesbian  straight not gay or lesb
> ian straight not gay or lesbian lesbian or gay prefer not to say straight not
>  gay or lesbian straight not gay or lesbian straight not gay or lesbian strai
> ght not gay or lesbian straight not gay or lesbian asexual  straight not gay 
> or lesbian straight not gay or lesbian straight not gay or lesbian straight n
> ot gay or lesbian pansexual straight not gay or lesbian straight not gay or l
> esbian straight not gay or lesbian pansexual bisexual lesbian or gay straight
>  not gay or lesbian straight not gay or lesbian  straight not gay or lesbian 
> asexual straight not gay or lesbian bisexual straight not gay or lesbian bise
> xual pansexual straight not gay or lesbian straight not gay or lesbian straig
> ht not gay or lesbian prefer not to say prefer not to say straight not gay or
>  lesbian straight not gay or lesbian asexual straight not gay or lesbian stra
> ight not gay or lesbian lesbian or gay straight not gay or lesbian straight n
> ot gay or lesbian bisexual pansexual straight not gay or lesbian bisexual  st
> raight not gay or lesbian straight not gay or lesbian  asexual  bisexual stra
> ight not gay or lesbian bisexual straight not gay or lesbian straight not gay
>  or lesbian straight not gay or lesbian straight not gay or lesbian  straight
>  not gay or lesbian straight not gay or lesbian straight not gay or lesbian s
> traight not gay or lesbian straight not gay or lesbian straight not gay or le
> sbian straight not gay or lesbian straight not gay or lesbian straight not ga
> y or lesbian  straight not gay or lesbian  pansexualbisexual straight not gay
>  or lesbian bisexual straight not gay or lesbian  straight not gay or lesbian
>  straight not gay or lesbian bisexual straight not gay or lesbian straight no
> t gay or lesbian straight not gay or lesbian straight not gay or lesbian stra
> ight not gay or lesbian prefer not to say straight not gay or lesbian prefer 
> not to say asexual straight not gay or lesbian straight not gay or lesbian st
> raight not gay or lesbian straight not gay or lesbian straight not gay or les
> bian straight not gay or lesbian straight not gay or lesbian straight not gay
>  or lesbian straight not gay or lesbian straight not gay or lesbian straight 
> not gay or lesbian straight not gay or lesbian pansexual straight not gay or 
> lesbian straight not gay or lesbian straight not gay or lesbian asexual strai
> ght not gay or lesbian bisexual   straight not gay or lesbian straight not ga
> y or lesbian  straight not gay or lesbian straight not gay or lesbian straigh
> t not gay or lesbian queer aka dont care straight not gay or lesbian pansexua
> l straight not gay or lesbian bisexual lesbian or gay straight not gay or les
> bian lesbian or gay straight not gay or lesbian straight not gay or lesbian s
> traight not gay or lesbian straight not gay or lesbian straight not gay or le
> sbian prefer not to say straight not gay or lesbian straight not gay or lesbi
> an  straight not gay or lesbian straight not gay or lesbian straight not gay 
> or lesbian bisexual lesbian or gay  straight not gay or lesbian straight not 
> gay or lesbian straight not gay or lesbian  straight not gay or lesbian bisex
> ual straight not gay or lesbian straight not gay or lesbian questioning label
> s but definitely queer asexual bisexual  straight not gay or lesbian  bisexua
> l bisexual straight not gay or lesbian  straight not gay or lesbian straight 
> not gay or lesbian  bisexual straight not gay or lesbian   straight not gay o
> r lesbian  lesbian or gay prefer not to say straight not gay or lesbian  stra
> ight not gay or lesbian straight not gay or lesbian straight not gay or lesbi
> an straight not gay or lesbian lesbian or gay straight not gay or lesbian str
> aight not gay or lesbian straight not gay or lesbian straight not gay or lesb
> ian queer straight not gay or lesbian straight not gay or lesbian straight no
> t gay or lesbian straight not gay or lesbian   straight not gay or lesbian st
> raight not gay or lesbian straight not gay or lesbian straight not gay or les
> bian straight not gay or lesbian  straight not gay or lesbian lesbian or gay 
> bisexual straight not gay or lesbian asexual straight not gay or lesbian stra
> ight not gay or lesbian  lesbian or gay   straight not gay or lesbian  bisexu
> al prefer not to say prefer not to say  straight not gay or lesbian straight 
> not gay or lesbian straight not gay or lesbian straight not gay or lesbian st
> raight not gay or lesbian   bisexual straight not gay or lesbian  straight no
> t gay or lesbian bisexual straight not gay or lesbian  bisexual straight not 
> gay or lesbian bisexual straight not gay or lesbian straight not gay or lesbi
> an straight not gay or lesbian straight not gay or lesbian bisexual   bisexua
> l bisexual straight not gay or lesbian  straight not gay or lesbian   straigh
> t not gay or lesbian straight not gay or lesbian  lesbian or gay straight not
>  gay or lesbian   straight not gay or lesbian straight not gay or lesbian str
> aight not gay or lesbian straight not gay or lesbian straight not gay or lesb
> ian straight not gay or lesbian straight not gay or lesbian straight not gay 
> or lesbian straight not gay or lesbian straight not gay or lesbian straight n
> ot gay or lesbian straight not gay or lesbian straight not gay or lesbian pre
> fer not to say straight not gay or lesbian  lesbian or gay straight not gay o
> r lesbian straight not gay or lesbian straight not gay or lesbian straight no
> t gay or lesbian bisexual straight not gay or lesbian straight not gay or les
> bian straight not gay or lesbian lesbian or gay  straight not gay or lesbian 
> straight not gay or lesbian prefer not to say straight not gay or lesbian str
> aight not gay or lesbian  straight not gay or lesbian straight not gay or les
> bian   straight not gay or lesbian bisexual straight not gay or lesbian prefe
> r not to say straight not gay or lesbian straight not gay or lesbian straight
>  not gay or lesbian straight not gay or lesbian  bisexual straight not gay or
>  lesbian straight not gay or lesbian straight not gay or lesbian  straight no
> t gay or lesbian bisexual straight not gay or lesbian straight not gay or les
> bian straight not gay or lesbian straight not gay or lesbian  bisexual straig
> ht not gay or lesbian  straight not gay or lesbian straight not gay or lesbia
> n  straight not gay or lesbian straight not gay or lesbian  straight not gay 
> or lesbian bisexual   bisexual straight not gay or lesbian straight not gay o
> r lesbian straight not gay or lesbian straight not gay or lesbian bisexual st
> raight not gay or lesbian straight not gay or lesbian bisexual   straight not
>  gay or lesbian straight not gay or lesbian lesbian or gay prefer not to say 
> lesbian or gay lesbian or gay straight not gay or lesbian lesbian or gay stra
> ight not gay or lesbian straight not gay or lesbian  straight not gay or lesb
> ian straight not gay or lesbian  straight not gay or lesbian bisexual  straig
> ht not gay or lesbian straight not gay or lesbian straight not gay or lesbian
>  straight not gay or lesbian straight not gay or lesbian straight not gay or 
> lesbian  straight not gay or lesbian   bisexual straight not gay or lesbian  
> straight not gay or lesbian asexual straight not gay or lesbian straight not 
> gay or lesbian straight not gay or lesbian prefer not to say straight not gay
>  or lesbian straight not gay or lesbian straight not gay or lesbian   straigh
> t not gay or lesbian straight not gay or lesbian bisexual straight not gay or
>  lesbian bisexual prefer not to say straight not gay or lesbian prefer not to
>  say  straight not gay or lesbian   straight not gay or lesbian lesbian or ga
> y straight not gay or lesbian straight not gay or lesbian bisexual straight n
> ot gay or lesbian straight not gay or lesbian straight not gay or lesbian  st
> raight not gay or lesbian    straight not gay or lesbian pansexual straight n
> ot gay or lesbian straight not gay or lesbian  straight not gay or lesbian st
> raight not gay or lesbian straight not gay or lesbian  straight not gay or le
> sbian  straight not gay or lesbian straight not gay or lesbian straight not g
> ay or lesbian straight not gay or lesbian straight not gay or lesbian prefer 
> not to say  straight not gay or lesbian straight not gay or lesbian straight 
> not gay or lesbian straight not gay or lesbian  straight not gay or lesbian b
> isexual bisexual straight not gay or lesbian prefer not to say prefer not to 
> say straight not gay or lesbian  asexual prefer not to say bisexual  straight
>  not gay or lesbian straight not gay or lesbian  straight not gay or lesbian 
>  straight not gay or lesbian straight not gay or lesbian straight not gay or 
> lesbian   straight not gay or lesbian  prefer not to say  pansexual straight 
> not gay or lesbian  prefer not to say  straight not gay or lesbian straight n
> ot gay or lesbian  prefer not to say bisexual straight not gay or lesbian str
> aight not gay or lesbian  straight not gay or lesbian bisexual straight not g
> ay or lesbian straight not gay or lesbian prefer not to say  straight not gay
>  or lesbian straight not gay or lesbian  bisexual straight not gay or lesbian
>  straight not gay or lesbian straight not gay or lesbian straight not gay or 
> lesbian straight not gay or lesbian straight not gay or lesbian straight not 
> gay or lesbian straight not gay or lesbian straight not gay or lesbian straig
> ht not gay or lesbian lesbian or gay straight not gay or lesbian straight not
>  gay or lesbian prefer not to say bisexual bisexual straight not gay or lesbi
> an bisexual straight not gay or lesbian asexual omnisexual straight not gay o
> r lesbian straight not gay or lesbian straight not gay or lesbian straight no
> t gay or lesbian straight not gay or lesbian straight not gay or lesbian    s
> traight not gay or lesbian    straight not gay or lesbian queer  bisexual str
> aight not gay or lesbian bisexual straight not gay or lesbian straight not ga
> y or lesbian straight not gay or lesbian straight not gay or lesbian        s
> traight not gay or lesbian             asexual                               
>   straight not gay or lesbian                 prefer not to say   straight no
> t gay or lesbian bisexual     bisexual   straight not gay or lesbian   straig
> ht not gay or lesbian   straight not gay or lesbian   straight not gay or les
> bian     asexual     straight not gay or lesbian  bisexual      straight not 
> gay or lesbian            straight not gay or lesbian         bisexual  strai
> ght not gay or lesbian   straight not gay or lesbian      straight not gay or
>  lesbian         straight not gay or lesbian         straight not gay or lesb
> ian      bisexual     straight not gay or lesbian    straight not gay or lesb
> ian   straight not gay or lesbian  straight not gay or lesbian straight not g
> ay or lesbian        straight not gay or lesbian  asexual            straight
>  not gay or lesbian          bisexual straight not gay or lesbian    straight
>  not gay or lesbian  straight not gay or lesbian     bisexual           queer
>   bisexual bisexual straight not gay or lesbian   straight not gay or lesbian
>  bisexual straight not gay or lesbian  straight not gay or lesbian straight n
> ot gay or lesbian  straight not gay or lesbian  straight not gay or lesbian  
>    straight not gay or lesbian straight not gay or lesbian    straight not ga
> y or lesbian     straight not gay or lesbian prefer not to say      bisexual 
> straight not gay or lesbian  bisexual  straight not gay or lesbian    straigh
> t not gay or lesbian  straight not gay or lesbian pansexual straight not gay 
> or lesbian straight not gay or lesbian    straight not gay or lesbian      pr
> efer not to say straight not gay or lesbian   straight not gay or lesbian    
>   straight not gay or lesbian   straight not gay or lesbian bisexual   bisexu
> al  straight not gay or lesbian    prefer not to say     straight not gay or 
> lesbian straight not gay or lesbian straight not gay or lesbian  straight not
>  gay or lesbian  straight not gay or lesbian straight not gay or lesbian  str
> aight not gay or lesbian  straight not gay or lesbian bisexual   straight not
>  gay or lesbian   bisexual     pansexual asexual    straight not gay or lesbi
> an  straight not gay or lesbian bisexual  straight not gay or lesbian  straig
> ht not gay or lesbian  straight not gay or lesbian prefer not to say straight
>  not gay or lesbian   straight not gay or lesbian straight not gay or lesbian
>  straight not gay or lesbian straight not gay or lesbian demisexual panromant
> ic  bisexual   straight not gay or lesbian  asexual straight not gay or lesbi
> an bisexual straight not gay or lesbian bisexual  straight not gay or lesbian
>  straight not gay or lesbian   asexual   bisexual bisexual bisexual  straight
>  not gay or lesbian   straight not gay or lesbian   straight not gay or lesbi
> an prefer not to say straight not gay or lesbian lesbian or gay  bisexual  st
> raight not gay or lesbian straight not gay or lesbian  straight not gay or le
> sbian straight not gay or lesbian prefer not to say prefer not to say  bisexu
> al straight not gay or lesbian     straight not gay or lesbian  straight not 
> gay or lesbian asexual straight not gay or lesbian bisexual  straight not gay
>  or lesbian straight not gay or lesbian bisexual straight not gay or lesbian 
>     bisexual asexual    bisexual  straight not gay or lesbian  straight not g
> ay or lesbian  straight not gay or lesbian straight not gay or lesbian straig
> ht not gay or lesbian prefer not to say straight not gay or lesbian   prefer 
> not to say straight not gay or lesbian   straight not gay or lesbian  straigh
> t not gay or lesbian bisexual    straight not gay or lesbian straight not gay
>  or lesbian straight not gay or lesbian straight not gay or lesbian bisexual 
> straight not gay or lesbian straight not gay or lesbian straight not gay or l
> esbian bisexual straight not gay or lesbian  straight not gay or lesbian   st
> raight not gay or lesbian straight not gay or lesbian straight not gay or les
> bian   prefer not to say  prefer not to say straight not gay or lesbian strai
> ght not gay or lesbian straight not gay or lesbian straight not gay or lesbia
> n asexual lesbian or gay straight not gay or lesbian  straight not gay or les
> bian  straight not gay or lesbian straight not gay or lesbian straight not ga
> y or lesbian straight not gay or lesbian straight not gay or lesbian  straigh
> t not gay or lesbian prefer not to say  straight not gay or lesbian  prefer n
> ot to say straight not gay or lesbian   straight not gay or lesbian straight 
> not gay or lesbian bisexual straight not gay or lesbian  straight not gay or 
> lesbian prefer not to say bisexual  straight not gay or lesbian straight not 
> gay or lesbian straight not gay or lesbian straight not gay or lesbian pansex
> ual straight not gay or lesbian prefer not to say  straight not gay or lesbia
> n straight not gay or lesbian   straight not gay or lesbian straight not gay 
> or lesbian   straight not gay or lesbian   prefer not to say bisexual straigh
> t not gay or lesbian  straight not gay or lesbian straight not gay or lesbian
>    straight not gay or lesbian straight not gay or lesbian  straight not gay 
> or lesbian  straight not gay or lesbian straight not gay or lesbian bisexual 
>  straight not gay or lesbian demi sexual straight not gay or lesbian straight
>  not gay or lesbian straight not gay or lesbian straight not gay or lesbian  
>   asexual  straight not gay or lesbian prefer not to say straight not gay or 
> lesbian bisexual straight not gay or lesbian straight not gay or lesbian stra
> ight not gay or lesbian straight not gay or lesbian straight not gay or lesbi
> an straight not gay or lesbian  straight not gay or lesbian straight not gay 
> or lesbian straight not gay or lesbian prefer not to say straight not gay or 
> lesbian straight not gay or lesbian straight not gay or lesbian straight not 
> gay or lesbian straight not gay or lesbian   straight not gay or lesbian stra
> ight straight not gay or lesbian straight not gay or lesbian  straight not ga
> y or lesbian straight not gay or lesbian lesbian or gay  straight not gay or 
> lesbian straight not gay or lesbian straight not gay or lesbian straight not 
> gay or lesbian straight not gay or lesbian straight not gay or lesbian bisexu
> al straight not gay or lesbian straight not gay or lesbian straight not gay o
> r lesbian straight not gay or lesbian straight not gay or lesbian  bisexual b
> isexual straight not gay or lesbian lesbian or gay prefer not to say bisexual
>   prefer not to say straight not gay or lesbian straight not gay or lesbian s
> traight not gay or lesbian straight not gay or lesbian straight not gay or le
> sbian straight not gay or lesbian straight not gay or lesbian  bisexual strai
> ght not gay or lesbian straight not gay or lesbian  straight not gay or lesbi
> an bisexual straight not gay or lesbian straight not gay or lesbian straight 
> not gay or lesbian  straight not gay or lesbian straight not gay or lesbian s
> traight not gay or lesbian bisexual straight not gay or lesbian  bisexual str
> aight not gay or lesbian  lesbian or gay asexual bisexual straight not gay or
>  lesbian straight not gay or lesbian straight not gay or lesbian straight not
>  gay or lesbian straight not gay or lesbian straight not gay or lesbian strai
> ght not gay or lesbian straight not gay or lesbian bisexual straight not gay 
> or lesbian straight not gay or lesbian straight not gay or lesbian straight n
> ot gay or lesbian bisexual  straight not gay or lesbian bisexual straight not
>  gay or lesbian lesbian or gay bisexual bisexual straight not gay or lesbian 
>  straight not gay or lesbian bisexual straight not gay or lesbian asexual str
> aight not gay or lesbian straight not gay or lesbian straight not gay or lesb
> ian straight not gay or lesbian  straight not gay or lesbian straight not gay
>  or lesbian straight not gay or lesbian straight not gay or lesbian prefer no
> t to say prefer not to say straight not gay or lesbian bisexual prefer not to
>  say bisexual straight not gay or lesbian  prefer not to say straight not gay
>  or lesbian straight not gay or lesbian straight not gay or lesbian bisexual 
> bisexual prefer not to say straight not gay or lesbian bisexual  straight not
>  gay or lesbian straight not gay or lesbian bisexual straight not gay or lesb
> ian straight not gay or lesbian straight not gay or lesbian straight not gay 
> or lesbian straight not gay or lesbian straight not gay or lesbian straight n
> ot gay or lesbian straight not gay or lesbian straight not gay or lesbian les
> bian or gay straight not gay or lesbian  straight not gay or lesbian straight
>  not gay or lesbian straight not gay or lesbian straight not gay or lesbian s
> traight not gay or lesbian straight not gay or lesbian straight not gay or le
> sbian straight not gay or lesbian straight not gay or lesbian prefer not to s
> ay bisexual straight not gay or lesbian straight not gay or lesbian straight 
> not gay or lesbian asexual bisexual   straight not gay or lesbian  prefer not
>  to say straight not gay or lesbian straight not gay or lesbian straight not 
> gay or lesbian lesbian or gay bisexual asexual bisexual bisexual    straight 
> not gay or lesbian straight not gay or lesbian straight not gay or lesbian st
> raight not gay or lesbian straight not gay or lesbian  straight not gay or le
> sbian bisexual straight not gay or lesbian  straight not gay or lesbian strai
> ght not gay or lesbian straight not gay or lesbian straight not gay or lesbia
> n straight not gay or lesbian straight not gay or lesbian straight not gay or
>  lesbian straight not gay or lesbian  straight not gay or lesbian straight no
> t gay or lesbian straight not gay or lesbian  straight not gay or lesbian que
> er no label straight not gay or lesbian straight not gay or lesbian  straight
>  not gay or lesbian straight not gay or lesbian lesbian or gay straight not g
> ay or lesbian straight not gay or lesbian  straight not gay or lesbian straig
> ht not gay or lesbian  straight not gay or lesbian  straight not gay or lesbi
> an bisexual  straight not gay or lesbian straight not gay or lesbian prefer n
> ot to say  straight not gay or lesbian  straight not gay or lesbian  straight
>  not gay or lesbian straight not gay or lesbian lesbian or gay straight not g
> ay or lesbian lesbian or gay straight not gay or lesbian bisexual bisexual st
> raight not gay or lesbian straight not gay or lesbian prefer not to say strai
> ght not gay or lesbian straight not gay or lesbian straight not gay or lesbia
> n bisexual straight not gay or lesbian straight not gay or lesbian straight n
> ot gay or lesbian straight not gay or lesbian straight not gay or lesbian  pr
> efer not to say prefer not to say straight not gay or lesbian straight not ga
> y or lesbian straight not gay or lesbian straight not gay or lesbian straight
>  not gay or lesbian straight not gay or lesbian straight not gay or lesbian  
>  straight not gay or lesbian straight not gay or lesbian straight not gay or 
> lesbian straight not gay or lesbian    bisexual straight not gay or lesbian b
> isexual  straight not gay or lesbian straight not gay or lesbian  straight no
> t gay or lesbian straight not gay or lesbian  bisexual straight not gay or le
> sbian straight not gay or lesbian straight not gay or lesbian bisexual straig
> ht not gay or lesbian straight not gay or lesbian straight not gay or lesbian
>  prefer not to say lesbian or gay straight not gay or lesbian straight not ga
> y or lesbian queer straight not gay or lesbian straight not gay or lesbian st
> raight not gay or lesbian straight not gay or lesbian  straight not gay or le
> sbian straight not gay or lesbian  bisexual straight not gay or lesbian  bise
> xual straight not gay or lesbian straight not gay or lesbian prefer not to sa
> y lesbian or gay bisexual straight not gay or lesbian straight not gay or les
> bian  straight not gay or lesbian straight not gay or lesbian bisexual straig
> ht not gay or lesbian straight not gay or lesbian straight not gay or lesbian
>  prefer not to say straight not gay or lesbian straight not gay or lesbian  s
> traight not gay or lesbian straight not gay or lesbian  straight not gay or l
> esbian  straight not gay or lesbian  straight not gay or lesbian prefer not t
> o say straight not gay or lesbian  bisexual bisexual straight not gay or lesb
> ian straight not gay or lesbian straight not gay or lesbian bisexual  prefer 
> not to say prefer not to say straight not gay or lesbian straight not gay or 
> lesbian straight not gay or lesbian straight not gay or lesbian straight not 
> gay or lesbian bisexual straight not gay or lesbian   straight not gay or les
> bian lesbian or gay bisexual prefer not to say straight not gay or lesbian st
> raight not gay or lesbian     straight not gay or lesbian bisexual   prefer n
> ot to say straight not gay or lesbian straight not gay or lesbian bisexual as
> exual prefer not to say straight not gay or lesbian lesbian or gay  prefer no
> t to say straight not gay or lesbian bisexual lesbian or gay straight not gay
>  or lesbian straight not gay or lesbian lesbian or gay straight not gay or le
> sbian straight not gay or lesbian straight not gay or lesbian bisexual lesbia
> n or gay straight not gay or lesbian bisexual bisexual straight not gay or le
> sbian bisexual straight not gay or lesbian bisexual straight not gay or lesbi
> an straight not gay or lesbian  straight not gay or lesbian bisexual straight
>  not gay or lesbian straight not gay or lesbian bisexual prefer not to say st
> raight not gay or lesbian straight not gay or lesbian straight not gay or les
> bian prefer not to say  straight not gay or lesbian straight not gay or lesbi
> an straight not gay or lesbian pansexual straight not gay or lesbian straight
>  not gay or lesbian  bisexual straight not gay or lesbian straight not gay or
>  lesbian straight not gay or lesbian  straight not gay or lesbian straight no
> t gay or lesbian straight not gay or lesbian straight not gay or lesbian stra
> ight not gay or lesbian straight not gay or lesbian straight not gay or lesbi
> an straight not gay or lesbian bisexual bisexual straight not gay or lesbian 
>  straight not gay or lesbian straight not gay or lesbian straight not gay or 
> lesbian straight not gay or lesbian straight not gay or lesbian straight not 
> gay or lesbian prefer not to say asexual straight not gay or lesbian straight
>  not gay or lesbian straight not gay or lesbian  lesbian or gay  straight not
>  gay or lesbian straight not gay or lesbian straight not gay or lesbian strai
> ght not gay or lesbian straight not gay or lesbian straight not gay or lesbia
> n straight not gay or lesbian straight not gay or lesbian straight not gay or
>  lesbian prefer not to say straight not gay or lesbian bisexual bisexual bise
> xual  pansexual straight not gay or lesbian lesbian or gay straight not gay o
> r lesbian  bisexual straight not gay or lesbian straight not gay or lesbian  
>  why the fuck does this matter im straight straight not gay or lesbian straig
> ht not gay or lesbian  straight not gay or lesbian  straight not gay or lesbi
> an straight not gay or lesbian straight not gay or lesbian straight not gay o
> r lesbian straight not gay or lesbian straight not gay or lesbian straight no
> t gay or lesbian straight not gay or lesbian straight not gay or lesbian stra
> ight not gay or lesbian  straight not gay or lesbian straight not gay or lesb
> ian asexual straight not gay or lesbian straight not gay or lesbian straight 
> not gay or lesbian straight not gay or lesbian  straight not gay or lesbian  
> prefer not to say bisexual straight not gay or lesbian  straight not gay or l
> esbian bisexual straight not gay or lesbian straight not gay or lesbian strai
> ght not gay or lesbian lesbian or gay prefer not to say  straight not gay or 
> lesbian lesbian or gay bisexual prefer not to say  bisexual straight not gay 
> or lesbian bisexual pansexual straight not gay or lesbian straight not gay or
>  lesbian straight not gay or lesbian straight not gay or lesbian straight not
>  gay or lesbian straight not gay or lesbian straight not gay or lesbian strai
> ght not gay or lesbian straight not gay or lesbian straight not gay or lesbia
> n prefer not to say  prefer not to say straight not gay or lesbian prefer not
>  to say straight not gay or lesbian  straight not gay or lesbian straight not
>  gay or lesbian bisexual straight not gay or lesbian lesbian or gay  straight
>  not gay or lesbian straight not gay or lesbian straight not gay or lesbian b
> isexual straight not gay or lesbian  straight not gay or lesbian bisexual str
> aight not gay or lesbian straight not gay or lesbian straight not gay or lesb
> ian bisexual unlabeled   straight not gay or lesbian straight not gay or lesb
> ian straight not gay or lesbian straight not gay or lesbian bisexual lesbian 
> or gay  straight not gay or lesbian asexual straight not gay or lesbian  stra
> ight not gay or lesbian  prefer not to say straight not gay or lesbian straig
> ht not gay or lesbian straight not gay or lesbian straight not gay or lesbian
>  straight not gay or lesbian straight not gay or lesbian  straight not gay or
>  lesbian prefer not to say straight not gay or lesbian  straight not gay or l
> esbian straight not gay or lesbian  straight not gay or lesbian straight not 
> gay or lesbian straight not gay or lesbian straight not gay or lesbian prefer
>  not to say asexual  bisexual bisexual  straight not gay or lesbian straight 
> not gay or lesbian  straight not gay or lesbian  straight not gay or lesbian 
> straight not gay or lesbian bisexual straight not gay or lesbian  straight no
> t gay or lesbian  straight not gay or lesbian lesbian or gay bisexual straigh
> t not gay or lesbian bisexual bisexual straight not gay or lesbian antrosexua
> l   straight not gay or lesbian straight not gay or lesbian straight not gay 
> or lesbian  straight not gay or lesbian asexual straight not gay or lesbian s
> traight not gay or lesbian straight not gay or lesbian straight not gay or le
> sbian bisexual straight not gay or lesbian  prefer not to say straight not ga
> y or lesbian   bisexual straight not gay or lesbian straight not gay or lesbi
> an straight not gay or lesbian straight not gay or lesbian  straight not gay 
> or lesbian straight not gay or lesbian straight not gay or lesbian straight n
> ot gay or lesbian straight not gay or lesbian straight not gay or lesbian str
> aight not gay or lesbian straight not gay or lesbian   straight not gay or le
> sbian  straight not gay or lesbian straight not gay or lesbian prefer not to 
> say   straight not gay or lesbian straight not gay or lesbian straight not ga
> y or lesbian prefer not to say asexual bisexual straight not gay or lesbian b
> isexual  bisexual straight not gay or lesbian bisexual  bisexual  straight no
> t gay or lesbian straight not gay or lesbian straight not gay or lesbian  bis
> exual  straight not gay or lesbian straight not gay or lesbian straight not g
> ay or lesbian  straight not gay or lesbian straight not gay or lesbian  strai
> ght not gay or lesbian straight not gay or lesbian   asexual straight not gay
>  or lesbian straight not gay or lesbian asexual  bisexual  prefer not to say 
> straight not gay or lesbian straight not gay or lesbian straight not gay or l
> esbian straight not gay or lesbian straight not gay or lesbian straight not g
> ay or lesbian straight not gay or lesbian  straight not gay or lesbian queer 
> lesbian or gay     straight not gay or lesbian straight not gay or lesbian le
> sbian or gay  straight not gay or lesbian straight not gay or lesbian  straig
> ht not gay or lesbian  straight not gay or lesbian lesbian or gay bisexual st
> raight not gay or lesbian prefer not to say straight not gay or lesbian panse
> xual  prefer not to say  bisexual  straight not gay or lesbian straight not g
> ay or lesbian straight not gay or lesbian   bisexual   straight not gay or le
> sbian     straight not gay or lesbian straight not gay or lesbian straight no
> t gay or lesbian   straight not gay or lesbian straight not gay or lesbian st
> raight not gay or lesbian    bisexual straight not gay or lesbian straight no
> t gay or lesbian bisexual   straight not gay or lesbian straight not gay or l
> esbian straight not gay or lesbian straight not gay or lesbian  straight not 
> gay or lesbian straight not gay or lesbian lesbian or gay   straight not gay 
> or lesbian straight not gay or lesbian straight not gay or lesbian  lesbian o
> r gay bisexual straight not gay or lesbian straight not gay or lesbian straig
> ht not gay or lesbian bisexual  straight not gay or lesbian  straight not gay
>  or lesbian  straight not gay or lesbian  bisexual  straight not gay or lesbi
> an straight not gay or lesbian  straight not gay or lesbian straight not gay 
> or lesbian straight not gay or lesbian bisexual bisexual  straight not gay or
>  lesbian straight not gay or lesbian  straight not gay or lesbian straight no
> t gay or lesbian  bisexual straight not gay or lesbian straight not gay or le
> sbian straight not gay or lesbian bisexual  straight not gay or lesbian strai
> ght not gay or lesbian straight not gay or lesbian pansexual straight not gay
>  or lesbian straight not gay or lesbian straight not gay or lesbian straight 
> not gay or lesbian  straight not gay or lesbian     straight not gay or lesbi
> an   lesbian or gay          straight not gay or lesbian  straight not gay or
>  lesbian       straight not gay or lesbian     straight not gay or lesbian st
> raight not gay or lesbian      straight not gay or lesbian          straight 
> not gay or lesbian  straight not gay or lesbian straight not gay or lesbian  
>        straight not gay or lesbian  straight not gay or lesbian    straight n
> ot gay or lesbian          straight not gay or lesbian  straight not gay or l
> esbian   prefer not to say          straight not gay or lesbian      straight
>  not gay or lesbian prefer not to say            straight not gay or lesbian 
>  straight not gay or lesbian              asexual  prefer not to say         
>            bisexual      straight not gay or lesbian    straight not gay or l
> esbian   straight not gay or lesbian  prefer not to say    lesbian or gay str
> aight not gay or lesbian    straight not gay or lesbian straight not gay or l
> esbian  bisexual straight not gay or lesbian lesbian or gay straight not gay 
> or lesbian straight not gay or lesbian straight not gay or lesbian straight n
> ot gay or lesbian straight not gay or lesbian   asexual     straight not gay 
> or lesbian      straight not gay or lesbian straight not gay or lesbian    st
> raight not gay or lesbian   prefer not to say  straight not gay or lesbian as
> exual       straight not gay or lesbian     straight not gay or lesbian strai
> ght not gay or lesbian         straight not gay or lesbian   straight not gay
>  or lesbian   straight not gay or lesbian prefer not to say straight not gay 
> or lesbian straight not gay or lesbian         bisexual   straight not gay or
>  lesbian  straight not gay or lesbian straight not gay or lesbian straight no
> t gay or lesbian straight not gay or lesbian straight not gay or lesbian     
> straight not gay or lesbian  straight not gay or lesbian       prefer not to 
> say  straight not gay or lesbian straight not gay or lesbian straight not gay
>  or lesbian   prefer not to say straight not gay or lesbian  straight not gay
>  or lesbian  straight not gay or lesbian  straight not gay or lesbian  straig
> ht not gay or lesbian  bisexual   prefer not to say straight not gay or lesbi
> an straight not gay or lesbian prefer not to say straight not gay or lesbian 
> straight not gay or lesbian straight not gay or lesbian   straight not gay or
>  lesbian  lesbian or gay straight not gay or lesbian straight not gay or lesb
> ian  straight not gay or lesbian prefer not to say  straight not gay or lesbi
> an straight not gay or lesbian straight not gay or lesbian  straight not gay 
> or lesbian       bisexual straight not gay or lesbian straight not gay or les
> bian straight not gay or lesbian straight not gay or lesbian straight not gay
>  or lesbian straight not gay or lesbian straight not gay or lesbian straight 
> not gay or lesbian   bisexual  straight not gay or lesbian bisexual  straight
>  not gay or lesbian bisexual straight not gay or lesbian straight not gay or 
> lesbian   straight not gay or lesbian straight not gay or lesbian straight no
> t gay or lesbian  straight not gay or lesbian straight not gay or lesbian    
>            straight not gay or lesbian     straight not gay or lesbian straig
> ht not gay or lesbian    lesbian or gay  bisexual   straight not gay or lesbi
> an straight not gay or lesbian    straight not gay or lesbian    straight not
>  gay or lesbian straight not gay or lesbian  queer straight not gay or lesbia
> n  straight not gay or lesbian   straight not gay or lesbian straight not gay
>  or lesbian  straight not gay or lesbian    straight not gay or lesbian  stra
> ight not gay or lesbian  straight not gay or lesbian straight not gay or lesb
> ian straight not gay or lesbian bisexual straight not gay or lesbian straight
>  not gay or lesbian straight not gay or lesbian   straight not gay or lesbian
>  straight not gay or lesbian pansexual  straight not gay or lesbian  straight
>  not gay or lesbian queer  prefer not to say   straight not gay or lesbian   
> lesbian or gay straight not gay or lesbian straight not gay or lesbian bisexu
> al straight not gay or lesbian straight not gay or lesbian  straight not gay 
> or lesbian straight not gay or lesbian  straight not gay or lesbian straight 
> not gay or lesbian straight not gay or lesbian straight not gay or lesbian  s
> traight not gay or lesbian   prefer not to say straight not gay or lesbian   
>  straight not gay or lesbian straight not gay or lesbian straight not gay or 
> lesbian pansexual straight not gay or lesbian  straight not gay or lesbian st
> raight not gay or lesbian  straight not gay or lesbian straight not gay or le
> sbian  straight not gay or lesbian pansexual lesbian or gay straight not gay 
> or lesbian  straight not gay or lesbian  straight not gay or lesbian straight
>  not gay or lesbian straight not gay or lesbian bisexual prefer not to say st
> raight not gay or lesbian straight not gay or lesbian  bisexual straight not 
> gay or lesbian  straight not gay or lesbian    straight not gay or lesbian st
> raight not gay or lesbian bisexual straight not gay or lesbian bisexual   str
> aight not gay or lesbian  straight not gay or lesbian  straight not gay or le
> sbian  straight not gay or lesbian straight not gay or lesbian  straight not 
> gay or lesbian  straight not gay or lesbian  lesbian or gay straight not gay 
> or lesbian  bisexual  straight not gay or lesbian straight not gay or lesbian
>  straight not gay or lesbian straight not gay or lesbian asexual straight not
>  gay or lesbian  straight not gay or lesbian bisexual  straight not gay or le
> sbian prefer not to say   straight not gay or lesbian straight not gay or les
> bian straight not gay or lesbian  bisexual straight not gay or lesbian straig
> ht not gay or lesbian straight not gay or lesbian straight not gay or lesbian
>  straight not gay or lesbian  bisexual bisexual straight not gay or lesbian s
> traight not gay or lesbian straight not gay or lesbian straight not gay or le
> sbian   pansexual straight not gay or lesbian straight not gay or lesbian str
> aight not gay or lesbian   straight not gay or lesbian  straight not gay or l
> esbian straight not gay or lesbian straight not gay or lesbian straight not g
> ay or lesbian  bisexual  straight not gay or lesbian  bisexual straight not g
> ay or lesbian straight not gay or lesbian straight not gay or lesbian   strai
> ght not gay or lesbian straight not gay or lesbian  questioning straight not 
> gay or lesbian straight not gay or lesbian straight not gay or lesbian  strai
> ght not gay or lesbian straight not gay or lesbian  bisexual straight not gay
>  or lesbian   straight not gay or lesbian straight not gay or lesbian  straig
> ht not gay or lesbian straight not gay or lesbian straight not gay or lesbian
>  straight not gay or lesbian bisexual  bisexual  lesbian or gay  omnisexual l
> esbian or gay bisexual straight not gay or lesbian prefer not to say straight
>  not gay or lesbian lesbian or gay straight not gay or lesbian  bisexual pref
> er not to say straight not gay or lesbian straight not gay or lesbian  straig
> ht not gay or lesbian straight not gay or lesbian  bisexual straight not gay 
> or lesbian   straight not gay or lesbian  straight not gay or lesbian straigh
> t not gay or lesbian straight not gay or lesbian bisexual  prefer not to say 
> straight not gay or lesbian  straight not gay or lesbian straight not gay or 
> lesbian prefer not to say straight not gay or lesbian straight not gay or les
> bian prefer not to say  straight not gay or lesbian straight not gay or lesbi
> an   straight not gay or lesbian straight not gay or lesbian   straight not g
> ay or lesbian bisexual bisexual lesbian or gay straight not gay or lesbian st
> raight not gay or lesbian straight not gay or lesbian straight not gay or les
> bian straight not gay or lesbian straight not gay or lesbian straight not gay
>  or lesbian  straight not gay or lesbian straight not gay or lesbian straight
>  not gay or lesbian straight not gay or lesbian straight not gay or lesbian  
> bisexual straight not gay or lesbian straight not gay or lesbian prefer not t
> o say straight not gay or lesbian straight not gay or lesbian bisexual straig
> ht not gay or lesbian     straight not gay or lesbian straight not gay or les
> bian straight not gay or lesbian straight not gay or lesbian    straight not 
> gay or lesbian straight not gay or lesbian straight not gay or lesbian straig
> ht not gay or lesbian straight not gay or lesbian straight not gay or lesbian
>  straight not gay or lesbian straight not gay or lesbian  straight not gay or
>  lesbian straight not gay or lesbian lesbian or gay straight not gay or lesbi
> an  straight not gay or lesbian straight not gay or lesbian  straight not gay
>  or lesbian straight not gay or lesbian   straight not gay or lesbian straigh
> t not gay or lesbian straight not gay or lesbian straight not gay or lesbian 
> straight not gay or lesbian bisexual straight not gay or lesbian straight not
>  gay or lesbian straight not gay or lesbian straight not gay or lesbian  pref
> er not to say straight not gay or lesbian straight not gay or lesbian  lesbia
> n or gay  straight not gay or lesbian straight not gay or lesbian straight no
> t gay or lesbian prefer not to say straight not gay or lesbian straight not g
> ay or lesbian straight not gay or lesbian straight not gay or lesbian straigh
> t not gay or lesbian straight not gay or lesbian straight not gay or lesbian 
>  straight not gay or lesbian  straight not gay or lesbian no one straight not
>  gay or lesbian straight not gay or lesbian  straight not gay or lesbian wow 
> not really relevant to financial aid straight not gay or lesbian straight not
>  gay or lesbian straight not gay or lesbian  straight not gay or lesbian stra
> ight not gay or lesbian straight not gay or lesbian  straight not gay or lesb
> ian bisexual straight not gay or lesbian bisexual straight not gay or lesbian
>  straight not gay or lesbian bisexual straight not gay or lesbian straight no
> t gay or lesbian prefer not to say straight not gay or lesbian bisexual  stra
> ight not gay or lesbian straight not gay or lesbian straight not gay or lesbi
> an  lesbian or gay   straight not gay or lesbian straight not gay or lesbian 
> straight not gay or lesbian bisexual straight not gay or lesbian straight not
>  gay or lesbian straight not gay or lesbian straight not gay or lesbian pan s
> exual straight not gay or lesbian prefer not to say prefer not to say straigh
> t not gay or lesbian bisexual   straight not gay or lesbian straight not gay 
> or lesbian straight not gay or lesbian  straight not gay or lesbian straight 
> not gay or lesbian  straight not gay or lesbian asexual straight not gay or l
> esbian straight not gay or lesbian straight not gay or lesbian  asexual strai
> ght not gay or lesbian straight not gay or lesbian lesbian or gay straight no
> t gay or lesbian   prefer not to say straight not gay or lesbian straight not
>  gay or lesbian straight not gay or lesbian unsure straight not gay or lesbia
> n bisexual   straight not gay or lesbian asexual  straight not gay or lesbian
>   prefer not to say bisexual  straight not gay or lesbian straight not gay or
>  lesbian straight not gay or lesbian straight not gay or lesbian  straight no
> t gay or lesbian straight not gay or lesbian  straight not gay or lesbian str
> aight not gay or lesbian bisexual straight not gay or lesbian  straight not g
> ay or lesbian  straight not gay or lesbian straight not gay or lesbian   pref
> er not to say  straight not gay or lesbian prefer not to say   straight not g
> ay or lesbian straight not gay or lesbian  straight not gay or lesbian  strai
> ght not gay or lesbian   straight not gay or lesbian straight not gay or lesb
> ian  straight not gay or lesbian straight not gay or lesbian straight not gay
>  or lesbian straight not gay or lesbian straight not gay or lesbian  bisexual
>  straight not gay or lesbian straight not gay or lesbian straight not gay or 
> lesbian straight not gay or lesbian straight not gay or lesbian straight not 
> gay or lesbian straight not gay or lesbian lesbian or gay straight not gay or
>  lesbian straight not gay or lesbian  straight not gay or lesbian straight no
> t gay or lesbian  straight not gay or lesbian straight not gay or lesbian str
> aight not gay or lesbian straight not gay or lesbian  straight not gay or les
> bian straight not gay or lesbian  lesbian or gay straight not gay or lesbian 
> pansexual lesbian or gay straight not gay or lesbian straight not gay or lesb
> ian straight not gay or lesbian   straight not gay or lesbian straight not ga
> y or lesbian lesbian or gay straight not gay or lesbian  straight not gay or 
> lesbian straight not gay or lesbian  straight not gay or lesbian  straight no
> t gay or lesbian straight not gay or lesbian straight not gay or lesbian   st
> raight not gay or lesbian bisexual bisexual straight not gay or lesbian strai
> ght not gay or lesbian lesbian or gay   bisexual bisexual straight not gay or
>  lesbian straight not gay or lesbian straight not gay or lesbian straight not
>  gay or lesbian straight not gay or lesbian  straight not gay or lesbian bise
> xual asexual  straight not gay or lesbian straight not gay or lesbian lesbian
>  or gay straight not gay or lesbian straight not gay or lesbian  straight not
>  gay or lesbian straight not gay or lesbian bisexual straight not gay or lesb
> ian  straight not gay or lesbian straight not gay or lesbian  straight not ga
> y or lesbian straight not gay or lesbian bisexual   straight not gay or lesbi
> an straight not gay or lesbian straight not gay or lesbian straight not gay o
> r lesbian straight not gay or lesbian   bisexual   straight not gay or lesbia
> n straight not gay or lesbian  straight not gay or lesbian straight not gay o
> r lesbian straight not gay or lesbian straight not gay or lesbian  straight n
> ot gay or lesbian straight not gay or lesbian straight not gay or lesbian bis
> exual straight not gay or lesbian lesbian or gay  straight not gay or lesbian
>  bisexual  lesbian or gay straight not gay or lesbian bisexual   straight not
>  gay or lesbian  straight not gay or lesbian straight not gay or lesbian stra
> ight not gay or lesbian straight not gay or lesbian straight not gay or lesbi
> an straight not gay or lesbian straight not gay or lesbian straight not gay o
> r lesbian straight not gay or lesbian straight not gay or lesbian lesbian or 
> gay  straight not gay or lesbian straight not gay or lesbian  bisexual bisexu
> al   straight not gay or lesbian straight not gay or lesbian straight not gay
>  or lesbian  straight not gay or lesbian   straight not gay or lesbian straig
> ht not gay or lesbian lesbian or gay lesbian or gay prefer not to say straigh
> t not gay or lesbian  straight not gay or lesbian   straight not gay or lesbi
> an  straight not gay or lesbian straight not gay or lesbian  straight not gay
>  or lesbian straight not gay or lesbian straight not gay or lesbian  bisexual
>  straight not gay or lesbian straight not gay or lesbian  straight not gay or
>  lesbian straight not gay or lesbian bisexual  straight not gay or lesbian   
>  straight not gay or lesbian straight not gay or lesbian pansexual straight n
> ot gay or lesbian straight not gay or lesbian prefer not to say  straight not
>  gay or lesbian  bisexual  bisexual straight not gay or lesbian straight not 
> gay or lesbian straight not gay or lesbian  straight not gay or lesbian  stra
> ight not gay or lesbian straight not gay or lesbian straight not gay or lesbi
> an prefer not to say  straight not gay or lesbian prefer not to say straight 
> not gay or lesbian  straight not gay or lesbian straight not gay or lesbian  
> straight not gay or lesbian straight not gay or lesbian straight not gay or l
> esbian straight not gay or lesbian straight not gay or lesbian  asexual strai
> ght not gay or lesbian  straight not gay or lesbian straight not gay or lesbi
> an bisexual straight not gay or lesbian  straight not gay or lesbian straight
>  not gay or lesbian  bisexual straight not gay or lesbian straight not gay or
>  lesbian prefer not to say none straight not gay or lesbian straight not gay 
> or lesbian  straight not gay or lesbian straight not gay or lesbian  straight
>  not gay or lesbian   straight not gay or lesbian pansexual straight not gay 
> or lesbian straight not gay or lesbian straight not gay or lesbian prefer not
>  to say  straight not gay or lesbian straight not gay or lesbian straight not
>  gay or lesbian   prefer not to say   straight not gay or lesbian   straight 
> not gay or lesbian straight not gay or lesbian straight not gay or lesbian st
> raight not gay or lesbian straight not gay or lesbian   straight not gay or l
> esbian  straight not gay or lesbian bisexual bisexual straight not gay or les
> bian straight not gay or lesbian straight not gay or lesbian  straight not ga
> y or lesbian straight not gay or lesbian straight not gay or lesbian straight
>  not gay or lesbian  straight not gay or lesbian straight not gay or lesbian 
> bisexual  straight not gay or lesbian  straight not gay or lesbian prefer not
>  to say  prefer not to say straight not gay or lesbian straight not gay or le
> sbian  straight not gay or lesbian queer bisexual straight not gay or lesbian
>      straight not gay or lesbian bisexual prefer not to say  lesbian or gay s
> traight not gay or lesbian bisexual asexual  straight not gay or lesbian pref
> er not to say bisexual straight not gay or lesbian   bisexual  bisexual strai
> ght not gay or lesbian straight not gay or lesbian   straight not gay or lesb
> ian straight not gay or lesbian    straight not gay or lesbian bisexual      
>  straight not gay or lesbian straight not gay or lesbian straight not gay or 
> lesbian  straight not gay or lesbian  straight not gay or lesbian straight no
> t gay or lesbian prefer not to say bisexual straight not gay or lesbian strai
> ght not gay or lesbian lesbian or gay    straight not gay or lesbian straight
>  not gay or lesbian straight not gay or lesbian straight not gay or lesbian s
> traight not gay or lesbian straight not gay or lesbian straight not gay or le
> sbian   straight not gay or lesbian   straight not gay or lesbian straight no
> t gay or lesbian straight not gay or lesbian  straight not gay or lesbian  st
> raight not gay or lesbian bisexual  straight not gay or lesbian straight not 
> gay or lesbian straight not gay or lesbian straight not gay or lesbian straig
> ht not gay or lesbian straight not gay or lesbian straight not gay or lesbian
>   straight not gay or lesbian asexual straight not gay or lesbian straight no
> t gay or lesbian prefer not to say straight not gay or lesbian straight not g
> ay or lesbian  straight not gay or lesbian  straight not gay or lesbian   str
> aight not gay or lesbian bisexual  straight not gay or lesbian straight not g
> ay or lesbian straight not gay or lesbian bisexual  bisexual straight not gay
>  or lesbian    straight not gay or lesbian  prefer not to say bisexual  strai
> ght not gay or lesbian  asexual bisexual  bisexual  straight not gay or lesbi
> an straight not gay or lesbian straight not gay or lesbian prefer not to say 
> straight not gay or lesbian bisexual straight not gay or lesbian straight not
>  gay or lesbian straight not gay or lesbian straight not gay or lesbian  stra
> ight not gay or lesbian bisexual bisexual bisexual bisexual  bisexual  prefer
>  not to say straight not gay or lesbian straight not gay or lesbian straight 
> not gay or lesbian straight not gay or lesbian straight not gay or lesbian st
> raight not gay or lesbian straight not gay or lesbian straight not gay or les
> bian straight not gay or lesbian   straight not gay or lesbian straight not g
> ay or lesbian straight not gay or lesbian straight not gay or lesbian straigh
> t not gay or lesbian bisexual  straight not gay or lesbian straight not gay o
> r lesbian lesbian or gay   straight not gay or lesbian straight not gay or le
> sbian  straight not gay or lesbian bisexual   lesbian or gay bisexual  straig
> ht not gay or lesbian straight not gay or lesbian bisexual straight not gay o
> r lesbian   straight not gay or lesbian    straight not gay or lesbian  strai
> ght not gay or lesbian  straight not gay or lesbian  bisexual  straight not g
> ay or lesbian straight not gay or lesbian   prefer not to say lesbian or gay 
> lesbian or gay prefer not to say straight not gay or lesbian  straight not ga
> y or lesbian straight not gay or lesbian straight not gay or lesbian straight
>  not gay or lesbian prefer not to say   straight not gay or lesbian straight 
> not gay or lesbian  straight not gay or lesbian   straight not gay or lesbian
>   bisexual bisexual straight not gay or lesbian  straight not gay or lesbian 
>  straight not gay or lesbian  straight not gay or lesbian trans female straig
> ht not gay or lesbian omnisexual lesbian or gay  straight not gay or lesbian 
> straight not gay or lesbian straight not gay or lesbian straight not gay or l
> esbian straight not gay or lesbian  straight not gay or lesbian straight not 
> gay or lesbian straight not gay or lesbian straight not gay or lesbian   stra
> ight not gay or lesbian straight not gay or lesbian asexual  asexual straight
>  not gay or lesbian bisexual straight not gay or lesbian straight not gay or 
> lesbian   lesbian or gay straight not gay or lesbian  straight not gay or les
> bian straight not gay or lesbian straight not gay or lesbian bisexual  bisexu
> al straight not gay or lesbian straight not gay or lesbian straight not gay o
> r lesbian straight not gay or lesbian  straight not gay or lesbian straight n
> ot gay or lesbian straight not gay or lesbian straight not gay or lesbian   s
> traight not gay or lesbian   straight not gay or lesbian straight not gay or 
> lesbian bisexual    straight not gay or lesbian  prefer not to say  straight 
> not gay or lesbian bisexual straight not gay or lesbian straight not gay or l
> esbian straight not gay or lesbian  straight not gay or lesbian prefer not to
>  say straight not gay or lesbian straight not gay or lesbian straight not gay
>  or lesbian  straight not gay or lesbian bisexual straight not gay or lesbian
>  prefer not to say straight not gay or lesbian straight not gay or lesbian st
> raight not gay or lesbian straight not gay or lesbian straight not gay or les
> bian  straight not gay or lesbian straight not gay or lesbian straight not ga
> y or lesbian bisexual straight not gay or lesbian   straight not gay or lesbi
> an straight not gay or lesbian straight not gay or lesbian pansexual straight
>  not gay or lesbian straight not gay or lesbian bisexual prefer not to say  p
> refer not to say  prefer not to say straight not gay or lesbian  straight not
>  gay or lesbian straight not gay or lesbian straight not gay or lesbian  stra
> ight not gay or lesbian  straight not gay or lesbian   lesbian or gay   strai
> ght not gay or lesbian  straight not gay or lesbian straight not gay or lesbi
> an straight not gay or lesbian prefer not to say  straight not gay or lesbian
>   bisexual straight not gay or lesbian prefer not to say straight not gay or 
> lesbian   straight not gay or lesbian straight not gay or lesbian  bisexual  
> prefer not to say straight not gay or lesbian prefer not to say  bisexual str
> aight not gay or lesbian  bisexual straight not gay or lesbian  prefer not to
>  say straight not gay or lesbian straight not gay or lesbian straight not gay
>  or lesbian lesbian or gay straight not gay or lesbian straight not gay or le
> sbian  straight not gay or lesbian  straight not gay or lesbian straight not 
> gay or lesbian straight not gay or lesbian straight not gay or lesbian     bi
> sexual prefer not to say  bisexual   straight not gay or lesbian  straight no
> t gay or lesbian  straight not gay or lesbian straight not gay or lesbian   s
> traight not gay or lesbian prefer not to say  straight not gay or lesbian str
> aight not gay or lesbian lesbian or gay   straight not gay or lesbian straigh
> t not gay or lesbian straight not gay or lesbian straight not gay or lesbian 
> straight not gay or lesbian    straight not gay or lesbian lesbian or gay str
> aight not gay or lesbian prefer not to say straight not gay or lesbian straig
> ht not gay or lesbian straight not gay or lesbian straight not gay or lesbian
>  straight not gay or lesbian straight not gay or lesbian   straight not gay o
> r lesbian straight not gay or lesbian straight not gay or lesbian straight no
> t gay or lesbian straight not gay or lesbian  bisexual   straight not gay or 
> lesbian asexual straight not gay or lesbian straight not gay or lesbian im no
> t sure   straight not gay or lesbian prefer not to say bisexual straight not 
> gay or lesbian bisexual lesbian or gay straight not gay or lesbian  straight 
> not gay or lesbian  bisexual straight not gay or lesbian straight not gay or 
> lesbian straight not gay or lesbian   straight not gay or lesbian lesbian or 
> gay  straight not gay or lesbian straight not gay or lesbian straight not gay
>  or lesbian asexual lesbian or gay straight not gay or lesbian straight not g
> ay or lesbian straight not gay or lesbian straight not gay or lesbian straigh
> t not gay or lesbian  straight not gay or lesbian lesbian or gay straight not
>  gay or lesbian   straight not gay or lesbian straight not gay or lesbian  bi
> sexual straight not gay or lesbian  bisexual straight not gay or lesbian stra
> ight not gay or lesbian   straight not gay or lesbian straight not gay or les
> bian straight not gay or lesbian straight not gay or lesbian straight not gay
>  or lesbian  bisexual straight not gay or lesbian  straight not gay or lesbia
> n straight not gay or lesbian  bisexual bisexual  straight not gay or lesbian
>    straight not gay or lesbian   straight not gay or lesbian  straight not ga
> y or lesbian straight not gay or lesbian straight not gay or lesbian  straigh
> t not gay or lesbian  straight not gay or lesbian bisexual bisexual straight 
> not gay or lesbian  straight not gay or lesbian  straight not gay or lesbian 
> bisexual straight not gay or lesbian straight not gay or lesbian straight not
>  gay or lesbian bisexual straight not gay or lesbian   pansexual straight not
>  gay or lesbian straight not gay or lesbian straight not gay or lesbian asexu
> al straight not gay or lesbian straight not gay or lesbian straight not gay o
> r lesbian straight not gay or lesbian straight not gay or lesbian bisexual st
> raight not gay or lesbian bisexual straight not gay or lesbian   prefer not t
> o say straight not gay or lesbian straight not gay or lesbian straight not ga
> y or lesbian  straight not gay or lesbian prefer not to say straight not gay 
> or lesbian  straight not gay or lesbian bisexual straight not gay or lesbian 
> straight not gay or lesbian  straight not gay or lesbian  straight not gay or
>  lesbian straight not gay or lesbian straight not gay or lesbian   straight n
> ot gay or lesbian  straight not gay or lesbian prefer not to say straight not
>  gay or lesbian straight not gay or lesbian straight not gay or lesbian strai
> ght not gay or lesbian bisexual straight not gay or lesbian straight not gay 
> or lesbian bisexual  straight not gay or lesbian  straight not gay or lesbian
>  straight not gay or lesbian  bisexual straight not gay or lesbian straight n
> ot gay or lesbian prefer not to say  straight not gay or lesbian  straight no
> t gay or lesbian  straight not gay or lesbian straight not gay or lesbian str
> aight not gay or lesbian bisexual  straight not gay or lesbian straight not g
> ay or lesbian  straight not gay or lesbian straight not gay or lesbian straig
> ht not gay or lesbian straight not gay or lesbian asexual  prefer not to say 
>  straight not gay or lesbian straight not gay or lesbian straight not gay or 
> lesbian straight not gay or lesbian prefer not to say bisexual straight not g
> ay or lesbian straight not gay or lesbian straight not gay or lesbian  bisexu
> al straight not gay or lesbian  straight not gay or lesbian straight not gay 
> or lesbian  straight not gay or lesbian  straight not gay or lesbian straight
>  not gay or lesbian straight not gay or lesbian straight not gay or lesbian b
> isexual  straight not gay or lesbian straight not gay or lesbian  straight no
> t gay or lesbian   straight not gay or lesbian straight not gay or lesbian st
> raight not gay or lesbian straight not gay or lesbian straight not gay or les
> bian  straight not gay or lesbian straight not gay or lesbian straight not ga
> y or lesbian straight not gay or lesbian straight not gay or lesbian  straigh
> t not gay or lesbian  straight not gay or lesbian straight not gay or lesbian
>  prefer not to say straight not gay or lesbian straight not gay or lesbian  s
> traight not gay or lesbian bisexual  straight not gay or lesbian bisexual str
> aight not gay or lesbian  straight not gay or lesbian straight not gay or les
> bian bisexual  straight not gay or lesbian  straight not gay or lesbian  bise
> xual   straight not gay or lesbian heterosexual straight not gay or lesbian s
> traight not gay or lesbian straight not gay or lesbian straight not gay or le
> sbian straight not gay or lesbian straight not gay or lesbian straight not ga
> y or lesbian straight not gay or lesbian straight not gay or lesbian straight
>  not gay or lesbian non labeled straight not gay or lesbian straight not gay 
> or lesbian   straight not gay or lesbian straight not gay or lesbian straight
>  not gay or lesbian bisexual straight not gay or lesbian straight not gay or 
> lesbian straight not gay or lesbian straight not gay or lesbian bisexual  str
> aight not gay or lesbian straight not gay or lesbian straight not gay or lesb
> ian straight not gay or lesbian straight not gay or lesbian straight not gay 
> or lesbian straight not gay or lesbian asexual straight not gay or lesbian st
> raight not gay or lesbian straight not gay or lesbian straight not gay or les
> bian straight not gay or lesbian straight not gay or lesbian straight not gay
>  or lesbian straight not gay or lesbian prefer not to say bisexual prefer not
>  to say straight not gay or lesbian straight not gay or lesbian straight not 
> gay or lesbian straight not gay or lesbian straight not gay or lesbian prefer
>  not to say straight not gay or lesbian straight not gay or lesbian straight 
> not gay or lesbian straight not gay or lesbian straight not gay or lesbian st
> raight not gay or lesbian straight not gay or lesbian    straight not gay or 
> lesbian  straight not gay or lesbian prefer not to say straight not gay or le
> sbian straight not gay or lesbian straight not gay or lesbian straight not ga
> y or lesbian prefer not to say  straight not gay or lesbian straight not gay 
> or lesbian   straight not gay or lesbian bisexual straight not gay or lesbian
>  bisexual prefer not to say straight not gay or lesbian straight not gay or l
> esbian straight not gay or lesbian straight not gay or lesbian   straight not
>  gay or lesbian straight not gay or lesbian pansexual lesbian or gay   straig
> ht not gay or lesbian prefer not to say straight not gay or lesbian prefer no
> t to say straight not gay or lesbian straight not gay or lesbian lesbian or g
> ay straight not gay or lesbian  straight not gay or lesbian straight not gay 
> or lesbian straight not gay or lesbian straight not gay or lesbian straight n
> ot gay or lesbian straight not gay or lesbian straight not gay or lesbian str
> aight not gay or lesbian  straight not gay or lesbian bisexual  straight not 
> gay or lesbian straight not gay or lesbian straight not gay or lesbian asexua
> l    prefer not to say lesbian or gay straight not gay or lesbian  straight n
> ot gay or lesbian prefer not to say prefer not to say straight not gay or les
> bian straight not gay or lesbian bisexual prefer not to say pansexual straigh
> t not gay or lesbian straight not gay or lesbian straight not gay or lesbian 
>  straight not gay or lesbian straight not gay or lesbian straight not gay or 
> lesbian  straight not gay or lesbian straight not gay or lesbian straight not
>  gay or lesbian straight not gay or lesbian straight not gay or lesbian panse
> xual straight not gay or lesbian straight not gay or lesbian   bisexual  stra
> ight not gay or lesbian bisexual straight not gay or lesbian straight not gay
>  or lesbian    straight not gay or lesbian straight not gay or lesbian  strai
> ght not gay or lesbian  straight not gay or lesbian prefer not to say  bisexu
> al straight not gay or lesbian  straight not gay or lesbian  straight not gay
>  or lesbian   straight not gay or lesbian asexual straight not gay or lesbian
>  straight not gay or lesbian bisexual straight not gay or lesbian straight no
> t gay or lesbian straight straight not gay or lesbian bisexual straight not g
> ay or lesbian prefer not to say straight not gay or lesbian straight not gay 
> or lesbian straight not gay or lesbian straight not gay or lesbian  straight 
> not gay or lesbian  straight not gay or lesbian  bisexual bisexual straight n
> ot gay or lesbian straight not gay or lesbian straight not gay or lesbian les
> bian or gay straight not gay or lesbian  bisexual  straight not gay or lesbia
> n straight not gay or lesbian straight not gay or lesbian straight not gay or
>  lesbian straight not gay or lesbian straight not gay or lesbian straight not
>  gay or lesbian straight not gay or lesbian prefer not to say bisexual bisexu
> al straight not gay or lesbian  bisexual  straight not gay or lesbian  straig
> ht not gay or lesbian bisexual  straight not gay or lesbian straight not gay 
> or lesbian straight not gay or lesbian bisexual asexual straight not gay or l
> esbian straight not gay or lesbian straight not gay or lesbian straight not g
> ay or lesbian straight not gay or lesbian straight not gay or lesbian straigh
> t not gay or lesbian straight not gay or lesbian bisexual  lesbian or gay str
> aight not gay or lesbian  straight not gay or lesbian straight not gay or les
> bian straight not gay or lesbian  straight not gay or lesbian straight not ga
> y or lesbian straight not gay or lesbian  straight not gay or lesbian     str
> aight not gay or lesbian straight not gay or lesbian prefer not to say   stra
> ight not gay or lesbian bisexual straight not gay or lesbian  asexual  straig
> ht not gay or lesbian straight not gay or lesbian straight not gay or lesbian
>   straight not gay or lesbian straight not gay or lesbian pansexual straight 
> not gay or lesbian bisexual   straight not gay or lesbian straight not gay or
>  lesbian straight not gay or lesbian straight not gay or lesbian  lesbian or 
> gay    straight not gay or lesbian   straight not gay or lesbian straight not
>  gay or lesbian straight not gay or lesbian bisexual straight not gay or lesb
> ian   straight not gay or lesbian    straight not gay or lesbian straight not
>  gay or lesbian straight not gay or lesbian straight not gay or lesbian strai
> ght not gay or lesbian straight not gay or lesbian straight not gay or lesbia
> n  bisexual  lesbian or gay  straight not gay or lesbian  bisexual straight n
> ot gay or lesbian  straight not gay or lesbian straight not gay or lesbian  s
> traight not gay or lesbian straight not gay or lesbian  prefer not to say  st
> raight not gay or lesbian   straight not gay or lesbian straight not gay or l
> esbian   straight not gay or lesbian straight not gay or lesbian   straight n
> ot gay or lesbian straight not gay or lesbian bisexual unsure straight not ga
> y or lesbian  queer     prefer not to say lesbian or gay bisexual  straight n
> ot gay or lesbian straight not gay or lesbian straight not gay or lesbian str
> aight not gay or lesbian    straight not gay or lesbian straight not gay or l
> esbian  bisexual straight not gay or lesbian  straight not gay or lesbian pre
> fer not to say  straight not gay or lesbian  straight not gay or lesbian pref
> er not to say straight not gay or lesbian prefer not to say straight not gay 
> or lesbian pan sexual    straight not gay or lesbian bisexual straight not ga
> y or lesbian straight not gay or lesbian bisexual straight not gay or lesbian
>  straight not gay or lesbian   straight not gay or lesbian straight not gay o
> r lesbian straight not gay or lesbian prefer not to say straight not gay or l
> esbian prefer not to say    bisexual  straight not gay or lesbian lesbian or 
> gay straight not gay or lesbian  pansexual normal   asexualaromantic straight
>  not gay or lesbian straight not gay or lesbian straight not gay or lesbian s
> traight not gay or lesbian    bisexual straight not gay or lesbian prefer not
>  to say straight not gay or lesbian   straight not gay or lesbian pansexual b
> isexual straight not gay or lesbian straight not gay or lesbian bicurious str
> aight not gay or lesbian bisexual  straight not gay or lesbian straight not g
> ay or lesbian straight not gay or lesbian straight not gay or lesbian straigh
> t not gay or lesbian  straight not gay or lesbian straight not gay or lesbian
>   bisexual straight not gay or lesbian straight not gay or lesbian straight n
> ot gay or lesbian straight not gay or lesbian  straight not gay or lesbian st
> raight not gay or lesbian prefer not to say straight not gay or lesbian bisex
> ual  prefer not to say   straight not gay or lesbian   lesbian or gay prefer 
> not to say  prefer not to say straight not gay or lesbian prefer not to say s
> traight not gay or lesbian bisexual  straight not gay or lesbian  straight no
> t gay or lesbian straight not gay or lesbian straight not gay or lesbian  str
> aight not gay or lesbian   straight not gay or lesbian straight not gay or le
> sbian  straight not gay or lesbian straight not gay or lesbian straight not g
> ay or lesbian  straight not gay or lesbian straight not gay or lesbian straig
> ht not gay or lesbian straight not gay or lesbian straight not gay or lesbian
>  straight not gay or lesbian straight not gay or lesbian straight not gay or 
> lesbian straight not gay or lesbian bisexual  straight not gay or lesbian str
> aight not gay or lesbian  straight not gay or lesbian  straight not gay or le
> sbian straight not gay or lesbian   straight not gay or lesbian straight not 
> gay or lesbian straight not gay or lesbian straight not gay or lesbian straig
> ht not gay or lesbian straight not gay or lesbian straight not gay or lesbian
>     straight not gay or lesbian  bisexual prefer not to say  straight not gay
>  or lesbian straight not gay or lesbian prefer not to say straight not gay or
>  lesbian straight not gay or lesbian straight not gay or lesbian  straight no
> t gay or lesbian  asexual  straight not gay or lesbian straight not gay or le
> sbian bisexual  straight not gay or lesbian straight not gay or lesbian strai
> ght not gay or lesbian straight not gay or lesbian   bisexual straight not ga
> y or lesbian straight not gay or lesbian straight not gay or lesbian    strai
> ght not gay or lesbian prefer not to say straight not gay or lesbian   bisexu
> al bisexual straight not gay or lesbian straight not gay or lesbian bisexual 
> straight not gay or lesbian  straight not gay or lesbian  straight not gay or
>  lesbian straight not gay or lesbian  bisexual straight not gay or lesbian  s
> traight not gay or lesbian  pansexual straight not gay or lesbian  straight n
> ot gay or lesbian bisexual straight not gay or lesbian   straight not gay or 
> lesbian  straight not gay or lesbian   prefer not to say straight not gay or 
> lesbian  prefer not to say  straight not gay or lesbian  straight not gay or 
> lesbian straight not gay or lesbian straight not gay or lesbian bisexual stra
> ight not gay or lesbian   straight not gay or lesbian bisexual    straight no
> t gay or lesbian straight not gay or lesbian bisexual straight not gay or les
> bian straight not gay or lesbian bisexual straight not gay or lesbian straigh
> t not gay or lesbian  straight not gay or lesbian  straight not gay or lesbia
> n straight not gay or lesbian    straight not gay or lesbian  straight not ga
> y or lesbian lesbian or gay straight not gay or lesbian straight not gay or l
> esbian  straight not gay or lesbian straight not gay or lesbian bisexual  bis
> exual straight not gay or lesbian lesbian or gay      straight not gay or les
> bian  lesbian or gay straight not gay or lesbian  straight not gay or lesbian
>  straight not gay or lesbian  straight not gay or lesbian  straight not gay o
> r lesbian straight not gay or lesbian straight not gay or lesbian straight no
> t gay or lesbian bisexual bisexual  straight not gay or lesbian straight not 
> gay or lesbian   straight not gay or lesbian bisexual straight not gay or les
> bian straight not gay or lesbian straight not gay or lesbian straight not gay
>  or lesbian bisexual straight not gay or lesbian straight not gay or lesbian 
> straight not gay or lesbian straight not gay or lesbian straight not gay or l
> esbian bisexual straight not gay or lesbian    straight not gay or lesbian  a
> sexual   straight not gay or lesbian straight not gay or lesbian  straight no
> t gay or lesbian unlabeled not straight pansexual   straight not gay or lesbi
> an   straight not gay or lesbian straight not gay or lesbian lesbian or gay s
> traight not gay or lesbian straight not gay or lesbian pansexual straight not
>  gay or lesbian  straight not gay or lesbian straight not gay or lesbian  str
> aight not gay or lesbian straight not gay or lesbian bisexual straight not ga
> y or lesbian straight not gay or lesbian  straight not gay or lesbian bisexua
> l straight not gay or lesbian bisexual bisexual lesbian or gay straight not g
> ay or lesbian bisexual pansexual    straight not gay or lesbian straight not 
> gay or lesbian   prefer not to say lesbian or gay  straight not gay or lesbia
> n  straight not gay or lesbian    lesbian or gay straight not gay or lesbian 
>   straight not gay or lesbian  straight not gay or lesbian straight not gay o
> r lesbian straight not gay or lesbian straight not gay or lesbian bisexual st
> raight not gay or lesbian  bisexual   straight not gay or lesbian straight no
> t gay or lesbian asexual    straight not gay or lesbian straight not gay or l
> esbian straight not gay or lesbian  straight not gay or lesbian straight not 
> gay or lesbian straight not gay or lesbian  straight not gay or lesbian strai
> ght not gay or lesbian straight not gay or lesbian straight not gay or lesbia
> n straight not gay or lesbian straight not gay or lesbian straight not gay or
>  lesbian straight not gay or lesbian straight not gay or lesbian   straight n
> ot gay or lesbian straight not gay or lesbian bisexual straight not gay or le
> sbian straight not gay or lesbian asexual straight not gay or lesbian straigh
> t not gay or lesbian   bisexual straight not gay or lesbian   straight not ga
> y or lesbian bisexual   straight not gay or lesbian straight not gay or lesbi
> an prefer not to say  straight not gay or lesbian  straight not gay or lesbia
> n straight not gay or lesbian  straight not gay or lesbian  straight not gay 
> or lesbian straight not gay or lesbian straight not gay or lesbian        str
> aight not gay or lesbian straight not gay or lesbian straight not gay or lesb
> ian straight not gay or lesbian  straight not gay or lesbian   prefer not to 
> say    straight not gay or lesbian bisexual asexual    straight not gay or le
> sbian       straight not gay or lesbian    prefer not to say straight not gay
>  or lesbian  prefer not to say   straight not gay or lesbian   straight not g
> ay or lesbian  straight not gay or lesbian straight not gay or lesbian straig
> ht not gay or lesbian straight not gay or lesbian  bisexual     bisexual  bis
> exual                                straight not gay or lesbian             
>    straight not gay or lesbian     bisexual straight not gay or lesbian      
>                   straight not gay or lesbian prefer not to say              
>           straight not gay or lesbian            straight not gay or lesbian 
>         straight not gay or lesbian       straight not gay or lesbian   bisex
> ual     straight not gay or lesbian                     straight not gay or l
> esbian straight not gay or lesbian       straight not gay or lesbian    strai
> ght not gay or lesbian straight not gay or lesbian       lesbian or gay strai
> ght not gay or lesbian         straight not gay or lesbian     straight not g
> ay or lesbian    straight not gay or lesbian    prefer not to say      straig
> ht not gay or lesbian    straight not gay or lesbian      prefer not to say  
>                          straight not gay or lesbian straight not gay or lesb
> ian bisexual            straight not gay or lesbian          straight not gay
>  or lesbian                 straight not gay or lesbian      prefer not to sa
> y     straight not gay or lesbian   bisexual                       bisexual  
>        straight not gay or lesbian   straight not gay or lesbian     straight
>  not gay or lesbian straight not gay or lesbian  straight not gay or lesbian 
>     straight not gay or lesbian prefer not to say      straight not gay or le
> sbian           straight not gay or lesbian                 straight not gay 
> or lesbian  straight not gay or lesbian   bisexual     straight not gay or le
> sbian straight not gay or lesbian   straight not gay or lesbian  straight not
>  gay or lesbian          prefer not to say      prefer not to say   straight 
> not gay or lesbian      straight not gay or lesbian   prefer not to say    st
> raight not gay or lesbian    lesbian or gay   straight not gay or lesbian    
>     straight not gay or lesbian    non  asexual  questioning       straight n
> ot gay or lesbian       straight not gay or lesbian   bisexual         straig
> ht not gay or lesbian                        straight not gay or lesbian hete
> ro    straight not gay or lesbian    straight not gay or lesbian             
> straight not gay or lesbian demisexual bisexual     lesbian or gay straight n
> ot gay or lesbian  straight not gay or lesbian straight not gay or lesbian st
> raight not gay or lesbian  straight not gay or lesbian  straight not gay or l
> esbian           straight not gay or lesbian straight not gay or lesbian   st
> raight not gay or lesbian   asexual straight not gay or lesbian              
> straight not gay or lesbian prefer not to say   straight not gay or lesbian  
>  straight not gay or lesbian  bisexual straight not gay or lesbian  straight 
> not gay or lesbian  demisexual and polysexual pansexual  straight not gay or 
> lesbian     bisexual  straight not gay or lesbian   straight not gay or lesbi
> an   lesbian or gay straight not gay or lesbian       prefer not to say bisex
> ual   bisexual    prefer not to say        straight not gay or lesbian   stra
> ight not gay or lesbian straight not gay or lesbian           straight not ga
> y or lesbian straight not gay or lesbian straight not gay or lesbian straight
>  not gay or lesbian straight not gay or lesbian straight not gay or lesbian  
> straight not gay or lesbian straight not gay or lesbian      straight not gay
>  or lesbian  bisexual bisexual      straight not gay or lesbian straight not 
> gay or lesbian        straight not gay or lesbian straight not gay or lesbian
>     bisexual straight not gay or lesbian     straight not gay or lesbian stra
> ight not gay or lesbian bisexual  straight not gay or lesbian straight not ga
> y or lesbian lesbian or gay    straight not gay or lesbian   straight not gay
>  or lesbian      straight not gay or lesbian bisexual    bisexual straight no
> t gay or lesbian straight not gay or lesbian      straight not gay or lesbian
>   straight not gay or lesbian straight not gay or lesbian straight not gay or
>  lesbian   straight not gay or lesbian straight not gay or lesbian pansexual 
>   straight not gay or lesbian straight not gay or lesbian   straight not gay 
> or lesbian  straight not gay or lesbian  prefer not to say lesbian or gay str
> aight not gay or lesbian  straight not gay or lesbian      straight not gay o
> r lesbian   bisexual straight not gay or lesbian  straight not gay or lesbian
>  straight not gay or lesbian straight not gay or lesbian  bisexual    straigh
> t not gay or lesbian  straight not gay or lesbian          straight not gay o
> r lesbian straight not gay or lesbian straight not gay or lesbian bisexual st
> raight not gay or lesbian   straight not gay or lesbian  straight not gay or 
> lesbian bisexual straight not gay or lesbian    straight not gay or lesbian s
> traight not gay or lesbian  straight not gay or lesbian     straight not gay 
> or lesbian   i dont know  pansexual bisexual straight not gay or lesbian  bis
> exual   straight not gay or lesbian     straight not gay or lesbian straight 
> not gay or lesbian straight not gay or lesbian   bisexual   straight not gay 
> or lesbian  straight not gay or lesbian         straight not gay or lesbian  
>       straight not gay or lesbian                                     
[('gay', 5499), ('lesbian straight', 3806), ('lesbian bisexual', 765), ('bisexu
> al straight', 764), ('lesbian', 448), ('straight', 428), ('gay straight', 250
> ), ('lesbian lesbian', 248), ('bisexual bisexual', 132), ('asexual straight',
>  129), ('lesbian asexual', 124), ('pansexual straight', 66), ('lesbian pansex
> ual', 63), ('gay bisexual', 53), ('bisexual lesbian', 48), ('lesbian queer', 
> 33), ('asexual bisexual', 28), ('bisexual asexual', 24), ('queer straight', 2
> 3), ('bisexual pansexual', 19), ('gay lesbian', 15), ('queer bisexual', 10), 
> ('asexual asexual', 8), ('lesbian demisexual', 7), ('label', 6), ('omnisexual
>  straight', 6), ('asexual lesbian', 5), ('questioning', 4), ('lesbian pan', 4
> ), ('straight straight', 4)]
[('gay', 1.0), ('lesbian straight', 0.6921258410620112), ('lesbian bisexual', 0
> .13911620294599017), ('bisexual straight', 0.13893435170030916), ('lesbian', 
> 0.08146935806510275), ('straight', 0.0778323331514821), ('gay straight', 0.04
> 546281142025823), ('lesbian lesbian', 0.04509910892889616), ('bisexual bisexu
> al', 0.024004364429896344), ('asexual straight', 0.023458810692853247), ('les
> bian asexual', 0.02254955446444808), ('pansexual straight', 0.012002182214948
> 172), ('lesbian pansexual', 0.011456628477905073), ('gay bisexual', 0.0096381
> 16021094744), ('bisexual lesbian', 0.00872885979268958), ('lesbian queer', 0.
> 006001091107474086), ('asexual bisexual', 0.005091834879068922), ('bisexual a
> sexual', 0.00436442989634479), ('queer straight', 0.004182578650663757), ('bi
> sexual pansexual', 0.0034551736679396252), ('gay lesbian', 0.0027277686852154
> 94), ('queer bisexual', 0.0018185124568103291), ('asexual asexual', 0.0014548
> 099654482633), ('lesbian demisexual', 0.0012729587197672304), ('label', 0.001
> 0911074740861974), ('omnisexual straight', 0.0010911074740861974), ('asexual 
> lesbian', 0.0009092562284051646), ('questioning', 0.0007274049827241316), ('l
> esbian pan', 0.0007274049827241316), ('straight straight', 0.0007274049827241
> 316)]

. 
. 
. local date2 = c(current_date)

. local time2 = c(current_time)

. 
. di "Do file start date time: `date1' `time1'"
Do file start date time: 27 Sep 2023 16:23:08

. di "End date time: `date2' `time2'"
End date time: 27 Sep 2023 16:24:07

. 
. 
. log close
      name:  <unnamed>
       log:  /home/research/ca_ed_lab/projects/csac_survey2023/log/learn/sogi_l
> earn_cs.smcl
  log type:  smcl
 closed on:  27 Sep 2023, 16:24:07
-------------------------------------------------------------------------------
